,checking_status,credit_history,credit_amount,savings,employment,other_parties,residence_since,property_magnitude,age,other_payment_plans,housing,existing_credits,job,num_dependents,telephone,foreign_worker,class,Gender
0,A11,A34,1169,A65,A75,A101,4,A121,67,A143,A152,2,A173,1,A192,A201,0.0,0
1,A12,A32,5951,A61,A73,A101,2,A121,22,A143,A152,1,A173,1,A191,A201,1.0,1
2,A14,A34,2096,A61,A74,A101,3,A121,49,A143,A152,1,A172,2,A191,A201,0.0,0
3,A11,A32,7882,A61,A74,A103,4,A122,45,A143,A153,1,A173,2,A191,A201,0.0,0
4,A11,A33,4870,A61,A73,A101,4,A124,53,A143,A153,2,A173,2,A191,A201,1.0,0
5,A14,A32,9055,A65,A73,A101,4,A124,35,A143,A153,1,A172,2,A192,A201,0.0,0
6,A14,A32,2835,A63,A75,A101,4,A122,53,A143,A152,1,A173,1,A191,A201,0.0,0
7,A12,A32,6948,A61,A73,A101,2,A123,35,A143,A151,1,A174,1,A192,A201,0.0,0
8,A14,A32,3059,A64,A74,A101,4,A121,61,A143,A152,1,A172,1,A191,A201,0.0,0
9,A12,A34,5234,A61,A71,A101,2,A123,28,A143,A152,2,A174,1,A191,A201,1.0,0
10,A12,A32,1295,A61,A72,A101,1,A123,25,A143,A151,1,A173,1,A191,A201,1.0,1
11,A11,A32,4308,A61,A72,A101,4,A122,24,A143,A151,1,A173,1,A191,A201,1.0,1
12,A12,A32,1567,A61,A73,A101,1,A123,22,A143,A152,1,A173,1,A192,A201,0.0,1
13,A11,A34,1199,A61,A75,A101,4,A123,60,A143,A152,2,A172,1,A191,A201,1.0,0
14,A11,A32,1403,A61,A73,A101,4,A123,28,A143,A151,1,A173,1,A191,A201,0.0,1
15,A11,A32,1282,A62,A73,A101,2,A123,32,A143,A152,1,A172,1,A191,A201,1.0,1
16,A14,A34,2424,A65,A75,A101,4,A122,53,A143,A152,2,A173,1,A191,A201,0.0,0
17,A11,A30,8072,A65,A72,A101,3,A123,25,A141,A152,3,A173,1,A191,A201,0.0,0
18,A12,A32,12579,A61,A75,A101,2,A124,44,A143,A153,1,A174,1,A192,A201,1.0,1
19,A14,A32,3430,A63,A75,A101,2,A123,31,A143,A152,1,A173,2,A192,A201,0.0,0
20,A14,A34,2134,A61,A73,A101,4,A123,48,A143,A152,3,A173,1,A192,A201,0.0,0
21,A11,A32,2647,A63,A73,A101,3,A121,44,A143,A151,1,A173,2,A191,A201,0.0,0
22,A11,A34,2241,A61,A72,A101,3,A121,48,A143,A151,2,A172,2,A191,A202,0.0,0
23,A12,A34,1804,A62,A72,A101,4,A122,44,A143,A152,1,A173,1,A191,A201,0.0,0
24,A14,A34,2069,A65,A73,A101,1,A123,26,A143,A152,2,A173,1,A191,A202,0.0,0
25,A11,A32,1374,A61,A73,A101,2,A121,36,A141,A152,1,A172,1,A192,A201,0.0,0
26,A14,A30,426,A61,A75,A101,4,A123,39,A143,A152,1,A172,1,A191,A201,0.0,0
27,A13,A31,409,A64,A73,A101,3,A121,42,A143,A151,2,A173,1,A191,A201,0.0,1
28,A12,A32,2415,A61,A73,A103,2,A121,34,A143,A152,1,A173,1,A191,A201,0.0,0
29,A11,A33,6836,A61,A75,A101,4,A124,63,A143,A152,2,A173,1,A192,A201,1.0,0
30,A12,A32,1913,A64,A72,A101,3,A121,36,A141,A152,1,A173,1,A192,A201,0.0,0
31,A11,A32,4020,A61,A73,A101,2,A123,27,A142,A152,1,A173,1,A191,A201,0.0,0
32,A12,A32,5866,A62,A73,A101,2,A123,30,A143,A152,2,A173,1,A192,A201,0.0,0
33,A14,A34,1264,A65,A75,A101,4,A124,57,A143,A151,1,A172,1,A191,A201,0.0,0
34,A13,A32,1474,A61,A72,A101,1,A122,33,A141,A152,1,A174,1,A192,A201,0.0,1
35,A12,A34,4746,A61,A72,A101,2,A122,25,A143,A152,2,A172,1,A191,A201,1.0,0
36,A14,A34,6110,A61,A73,A101,3,A124,31,A141,A153,1,A173,1,A192,A201,0.0,0
37,A13,A32,2100,A61,A73,A102,2,A121,37,A142,A152,1,A173,1,A191,A201,1.0,0
38,A13,A32,1225,A61,A73,A101,2,A123,37,A143,A152,1,A173,1,A192,A201,0.0,0
39,A12,A32,458,A61,A73,A101,3,A121,24,A143,A152,1,A173,1,A191,A201,0.0,0
40,A14,A32,2333,A63,A75,A101,2,A123,30,A141,A152,1,A174,1,A191,A201,0.0,0
41,A12,A32,1158,A63,A73,A101,1,A123,26,A143,A152,1,A173,1,A192,A201,0.0,0
42,A12,A33,6204,A61,A73,A101,4,A121,44,A143,A152,1,A172,2,A192,A201,0.0,0
43,A11,A34,6187,A62,A74,A101,4,A123,24,A143,A151,2,A173,1,A191,A201,0.0,0
44,A11,A34,6143,A61,A75,A101,4,A124,58,A142,A153,2,A172,1,A191,A201,1.0,1
45,A14,A34,1393,A61,A72,A101,4,A123,35,A143,A152,2,A174,1,A191,A201,0.0,1
46,A14,A32,2299,A63,A75,A101,4,A123,39,A143,A152,1,A173,1,A191,A201,0.0,0
47,A11,A32,1352,A63,A71,A101,2,A122,23,A143,A151,1,A171,1,A192,A201,0.0,1
48,A14,A34,7228,A61,A73,A101,4,A122,39,A143,A152,2,A172,1,A191,A201,0.0,0
49,A14,A32,2073,A62,A73,A102,2,A121,28,A143,A152,1,A173,1,A191,A201,0.0,1
50,A12,A33,2333,A65,A72,A101,2,A122,29,A141,A152,1,A172,1,A191,A201,0.0,0
51,A12,A33,5965,A61,A75,A101,2,A123,30,A143,A152,2,A174,1,A192,A201,0.0,0
52,A14,A32,1262,A61,A73,A101,2,A123,25,A143,A152,1,A173,1,A191,A201,0.0,0
53,A14,A32,3378,A65,A73,A101,1,A122,31,A143,A152,1,A173,1,A192,A201,0.0,0
54,A12,A33,2225,A61,A75,A101,4,A124,57,A141,A153,2,A173,1,A192,A201,1.0,0
55,A14,A31,783,A65,A73,A103,2,A121,26,A142,A152,1,A172,2,A191,A201,0.0,0
56,A12,A32,6468,A65,A71,A101,1,A124,52,A143,A152,1,A174,1,A192,A201,1.0,0
57,A14,A34,9566,A61,A73,A101,2,A123,31,A142,A152,2,A173,1,A191,A201,0.0,1
58,A13,A32,1961,A61,A75,A101,2,A123,23,A143,A152,1,A174,1,A191,A201,0.0,1
59,A11,A34,6229,A61,A72,A102,4,A124,23,A143,A151,2,A172,1,A192,A201,1.0,1
60,A12,A32,1391,A61,A73,A101,1,A121,27,A141,A152,1,A173,1,A192,A201,0.0,0
61,A12,A34,1537,A65,A75,A103,4,A121,50,A143,A152,2,A173,1,A192,A201,0.0,0
62,A12,A30,1953,A61,A75,A101,4,A124,61,A143,A153,1,A174,1,A192,A201,1.0,0
63,A12,A30,14421,A61,A73,A101,2,A123,25,A143,A152,1,A173,1,A192,A201,1.0,0
64,A14,A32,3181,A61,A72,A101,4,A122,26,A143,A152,1,A173,1,A192,A201,0.0,1
65,A14,A32,5190,A65,A75,A101,4,A122,48,A143,A152,4,A173,2,A192,A201,0.0,0
66,A14,A32,2171,A61,A72,A101,2,A123,29,A141,A152,1,A173,1,A191,A201,0.0,1
67,A12,A32,1007,A64,A73,A101,1,A121,22,A143,A152,1,A173,1,A191,A201,0.0,0
68,A14,A32,1819,A61,A73,A101,4,A124,37,A142,A153,1,A173,1,A192,A201,1.0,0
69,A14,A32,2394,A65,A73,A101,4,A123,25,A143,A152,1,A173,1,A191,A201,0.0,1
70,A14,A32,8133,A61,A73,A101,2,A122,30,A141,A152,1,A173,1,A191,A201,0.0,1
71,A14,A34,730,A65,A75,A101,2,A122,46,A143,A151,2,A172,1,A192,A201,0.0,0
72,A11,A34,1164,A61,A75,A101,4,A124,51,A141,A153,2,A174,2,A192,A201,0.0,0
73,A12,A34,5954,A61,A74,A101,1,A121,41,A141,A152,2,A172,1,A191,A201,0.0,1
74,A11,A32,1977,A65,A75,A101,4,A124,40,A143,A152,1,A174,1,A192,A201,1.0,0
75,A11,A34,1526,A61,A75,A101,4,A124,66,A143,A153,2,A174,1,A191,A201,0.0,0
76,A11,A32,3965,A61,A72,A101,3,A123,34,A143,A152,1,A173,1,A191,A201,1.0,0
77,A12,A33,4771,A61,A74,A101,4,A122,51,A143,A152,1,A173,1,A191,A201,0.0,0
78,A14,A30,9436,A65,A73,A101,2,A122,39,A143,A152,1,A172,2,A191,A201,0.0,0
79,A12,A32,3832,A61,A72,A101,1,A122,22,A143,A152,1,A173,1,A191,A201,0.0,0
80,A14,A32,5943,A65,A72,A101,1,A123,44,A143,A152,2,A173,1,A192,A201,1.0,1
81,A14,A32,1213,A63,A75,A101,3,A122,47,A142,A152,1,A173,1,A192,A201,0.0,0
82,A14,A32,1568,A62,A73,A101,4,A122,24,A143,A151,1,A172,1,A191,A201,0.0,1
83,A11,A32,1755,A61,A75,A103,4,A121,58,A143,A152,1,A172,1,A192,A201,0.0,1
84,A11,A32,2315,A61,A75,A101,4,A121,52,A143,A152,1,A172,1,A191,A201,0.0,0
85,A14,A34,1412,A61,A73,A103,2,A121,29,A143,A152,2,A174,1,A192,A201,0.0,1
86,A12,A34,1295,A61,A72,A101,1,A122,27,A143,A152,2,A173,1,A191,A201,0.0,1
87,A12,A32,12612,A62,A73,A101,4,A124,47,A143,A153,1,A173,2,A192,A201,1.0,0
88,A11,A32,2249,A62,A74,A101,3,A123,30,A143,A152,1,A174,2,A192,A201,0.0,0
89,A11,A30,1108,A61,A74,A101,3,A121,28,A143,A152,2,A173,1,A191,A201,1.0,0
90,A14,A34,618,A61,A75,A101,4,A121,56,A143,A152,1,A173,1,A191,A201,0.0,0
91,A11,A34,1409,A61,A75,A101,3,A121,54,A143,A152,1,A173,1,A191,A201,0.0,0
92,A14,A34,797,A65,A75,A101,3,A122,33,A141,A152,1,A172,2,A191,A201,1.0,1
93,A13,A34,3617,A65,A75,A102,4,A124,20,A143,A151,2,A173,1,A191,A201,0.0,0
94,A12,A32,1318,A64,A75,A101,4,A121,54,A143,A152,1,A173,1,A192,A201,0.0,0
95,A12,A30,15945,A61,A72,A101,4,A124,58,A143,A151,1,A173,1,A192,A201,1.0,0
96,A14,A34,2012,A65,A74,A101,2,A123,61,A143,A152,1,A173,1,A191,A201,0.0,1
97,A12,A32,2622,A62,A73,A101,4,A123,34,A143,A152,1,A173,1,A191,A201,0.0,0
98,A12,A34,2337,A61,A75,A101,4,A121,36,A143,A152,1,A173,1,A191,A201,0.0,0
99,A12,A33,7057,A65,A74,A101,4,A122,36,A141,A151,2,A174,2,A192,A201,0.0,0
100,A14,A32,1469,A62,A75,A101,4,A121,41,A143,A151,1,A172,1,A191,A201,0.0,0
101,A12,A32,2323,A61,A74,A101,4,A123,24,A143,A151,1,A173,1,A191,A201,0.0,0
102,A14,A33,932,A61,A73,A101,2,A121,24,A143,A152,1,A173,1,A191,A201,0.0,1
103,A12,A34,1919,A61,A74,A101,3,A123,35,A143,A151,1,A173,1,A192,A201,0.0,0
104,A14,A32,2445,A65,A72,A101,4,A123,26,A143,A151,1,A173,1,A192,A201,0.0,0
105,A12,A34,11938,A61,A73,A102,3,A123,39,A143,A152,2,A174,2,A192,A201,1.0,0
106,A14,A31,6458,A61,A75,A101,4,A124,39,A141,A152,2,A174,2,A192,A201,1.0,0
107,A12,A32,6078,A61,A74,A101,2,A123,32,A143,A152,1,A173,1,A191,A201,0.0,0
108,A11,A32,7721,A65,A72,A101,2,A122,30,A143,A152,1,A173,1,A192,A202,0.0,1
109,A12,A32,1410,A63,A75,A101,2,A121,35,A143,A152,1,A173,1,A192,A201,0.0,0
110,A12,A33,1449,A62,A75,A101,2,A123,31,A141,A152,2,A173,2,A191,A201,0.0,0
111,A13,A32,392,A61,A72,A101,4,A122,23,A143,A151,1,A173,1,A192,A201,0.0,1
112,A12,A32,6260,A61,A74,A101,3,A121,28,A143,A151,1,A172,1,A191,A201,0.0,0
113,A14,A34,7855,A61,A73,A101,2,A121,25,A142,A152,2,A173,1,A192,A201,1.0,1
114,A11,A32,1680,A63,A75,A101,1,A121,35,A143,A152,1,A173,1,A191,A201,0.0,0
115,A14,A34,3578,A65,A75,A101,1,A121,47,A143,A152,1,A173,1,A192,A201,0.0,0
116,A11,A32,7174,A65,A74,A101,3,A123,30,A143,A152,1,A174,1,A192,A201,1.0,1
117,A11,A34,2132,A65,A72,A102,3,A121,27,A143,A151,2,A173,1,A191,A202,0.0,1
118,A11,A34,4281,A63,A73,A101,4,A123,23,A143,A152,2,A173,1,A191,A201,1.0,1
119,A12,A34,2366,A63,A74,A101,3,A123,36,A143,A152,1,A174,1,A192,A201,0.0,0
120,A11,A32,1835,A61,A73,A101,2,A121,25,A143,A152,2,A173,1,A192,A201,1.0,1
121,A14,A34,3868,A61,A75,A101,2,A123,41,A143,A151,2,A174,1,A192,A201,0.0,1
122,A14,A32,1768,A61,A73,A101,2,A121,24,A143,A151,1,A172,1,A191,A201,0.0,0
123,A13,A34,781,A61,A75,A101,4,A124,63,A143,A153,2,A173,1,A192,A201,0.0,0
124,A12,A32,1924,A65,A72,A101,3,A121,27,A143,A151,1,A173,1,A191,A201,1.0,1
125,A11,A34,2121,A61,A73,A101,2,A122,30,A143,A152,2,A173,1,A191,A201,0.0,0
126,A11,A32,701,A61,A73,A101,2,A121,40,A143,A152,1,A172,1,A191,A201,0.0,0
127,A12,A32,639,A61,A73,A101,2,A123,30,A143,A152,1,A173,1,A191,A201,1.0,0
128,A12,A34,1860,A61,A71,A101,2,A123,34,A143,A152,2,A174,1,A192,A201,0.0,0
129,A11,A34,3499,A61,A73,A102,2,A121,29,A143,A152,2,A173,1,A191,A201,1.0,1
130,A12,A32,8487,A65,A74,A101,2,A123,24,A143,A152,1,A173,1,A191,A201,0.0,1
131,A11,A33,6887,A61,A73,A101,3,A122,29,A142,A152,1,A173,1,A192,A201,1.0,0
132,A14,A32,2708,A61,A72,A101,3,A122,27,A141,A152,2,A172,1,A191,A201,0.0,0
133,A14,A32,1984,A61,A73,A101,4,A124,47,A141,A153,2,A173,1,A191,A201,0.0,0
134,A14,A32,10144,A62,A74,A101,4,A121,21,A143,A152,1,A173,1,A192,A201,0.0,1
135,A14,A34,1240,A65,A75,A101,2,A121,38,A143,A152,2,A173,1,A192,A201,0.0,1
136,A14,A33,8613,A64,A73,A101,2,A123,27,A143,A152,2,A173,1,A191,A201,0.0,0
137,A12,A32,766,A63,A73,A101,3,A121,66,A143,A152,1,A172,1,A191,A201,1.0,0
138,A12,A34,2728,A65,A74,A103,2,A121,35,A141,A152,3,A173,1,A192,A201,0.0,0
139,A13,A32,1881,A61,A73,A101,2,A123,44,A143,A151,1,A172,1,A192,A201,0.0,1
140,A13,A32,709,A64,A72,A101,2,A121,27,A143,A152,1,A171,1,A191,A202,0.0,0
141,A12,A32,4795,A61,A72,A101,1,A124,30,A143,A152,1,A174,1,A192,A201,0.0,1
142,A11,A32,3416,A61,A73,A101,2,A123,27,A143,A152,1,A174,1,A191,A201,0.0,0
143,A11,A32,2462,A61,A73,A101,2,A123,22,A143,A152,1,A173,1,A191,A201,1.0,0
144,A14,A34,2288,A61,A72,A101,4,A122,23,A143,A152,1,A173,1,A192,A201,0.0,1
145,A12,A31,3566,A62,A74,A101,2,A123,30,A143,A152,1,A173,1,A191,A201,0.0,0
146,A11,A34,860,A61,A75,A101,4,A124,39,A143,A152,2,A173,1,A192,A201,0.0,1
147,A14,A34,682,A62,A74,A101,3,A123,51,A143,A152,2,A173,1,A192,A201,0.0,1
148,A11,A34,5371,A61,A73,A103,2,A122,28,A143,A152,2,A173,1,A191,A201,0.0,0
149,A14,A34,1582,A64,A75,A101,4,A123,46,A143,A152,2,A173,1,A191,A201,0.0,0
150,A14,A32,1346,A62,A75,A101,4,A124,42,A141,A153,1,A173,2,A192,A201,0.0,0
151,A14,A32,1924,A61,A73,A101,4,A122,38,A143,A152,1,A173,1,A192,A202,0.0,0
152,A13,A32,5848,A61,A73,A101,1,A123,24,A143,A152,1,A173,1,A191,A201,0.0,0
153,A12,A34,7758,A64,A75,A101,4,A124,29,A143,A151,1,A173,1,A191,A201,0.0,1
154,A12,A33,6967,A62,A74,A101,4,A123,36,A143,A151,1,A174,1,A192,A201,0.0,0
155,A11,A32,1282,A61,A73,A101,4,A123,20,A143,A151,1,A173,1,A191,A201,1.0,1
156,A11,A34,1288,A62,A75,A103,4,A121,48,A143,A152,2,A173,2,A191,A202,0.0,0
157,A11,A31,339,A61,A75,A101,1,A123,45,A141,A152,1,A172,1,A191,A201,0.0,0
158,A12,A32,3512,A62,A74,A101,3,A123,38,A141,A152,2,A173,1,A192,A201,0.0,0
159,A14,A34,1898,A65,A73,A101,2,A121,34,A143,A152,2,A172,2,A191,A201,0.0,0
160,A14,A34,2872,A62,A75,A101,4,A121,36,A143,A152,1,A173,2,A192,A201,0.0,0
161,A14,A34,1055,A61,A72,A101,1,A122,30,A143,A152,2,A173,1,A191,A201,0.0,1
162,A14,A32,1262,A63,A74,A101,3,A122,36,A143,A152,2,A173,1,A192,A201,0.0,0
163,A12,A32,7308,A61,A71,A101,4,A124,70,A141,A153,1,A174,1,A192,A201,0.0,0
164,A14,A32,909,A63,A75,A101,4,A122,36,A143,A152,1,A173,1,A191,A201,0.0,0
165,A14,A32,2978,A63,A73,A101,2,A123,32,A143,A152,1,A173,1,A192,A201,0.0,0
166,A11,A32,1131,A61,A71,A101,2,A123,33,A143,A152,1,A173,1,A191,A201,1.0,1
167,A12,A32,1577,A64,A72,A101,1,A121,20,A143,A152,1,A173,1,A191,A201,0.0,1
168,A14,A32,3972,A61,A74,A101,4,A122,25,A143,A151,1,A173,1,A192,A201,0.0,1
169,A12,A34,1935,A61,A75,A101,4,A121,31,A143,A152,2,A173,1,A192,A201,1.0,0
170,A11,A30,950,A61,A75,A101,3,A123,33,A143,A151,2,A173,2,A191,A201,1.0,0
171,A14,A32,763,A61,A73,A101,1,A121,26,A143,A152,1,A173,1,A192,A201,0.0,1
172,A12,A33,2064,A61,A71,A101,2,A122,34,A143,A152,1,A174,1,A192,A201,1.0,1
173,A12,A32,1414,A61,A73,A103,2,A121,33,A143,A152,1,A173,1,A191,A202,0.0,0
174,A11,A33,3414,A61,A72,A101,1,A122,26,A143,A152,2,A173,1,A191,A201,1.0,0
175,A14,A31,7485,A65,A71,A101,1,A121,53,A141,A152,1,A174,1,A192,A201,1.0,1
176,A11,A32,2577,A61,A73,A101,1,A123,42,A143,A152,1,A173,1,A191,A201,0.0,0
177,A11,A34,338,A63,A75,A101,4,A123,52,A143,A152,2,A173,1,A191,A201,0.0,0
178,A14,A32,1963,A61,A74,A101,2,A123,31,A143,A151,2,A174,2,A192,A201,0.0,0
179,A11,A34,571,A61,A75,A101,4,A121,65,A143,A152,2,A173,1,A191,A201,0.0,0
180,A14,A33,9572,A61,A72,A101,1,A123,28,A143,A152,2,A173,1,A191,A201,1.0,0
181,A12,A33,4455,A61,A73,A101,2,A121,30,A142,A152,2,A174,1,A192,A201,1.0,0
182,A11,A31,1647,A65,A73,A101,2,A122,40,A143,A152,2,A172,2,A191,A201,1.0,0
183,A14,A34,3777,A64,A73,A101,4,A121,50,A143,A152,1,A173,1,A192,A201,0.0,0
184,A12,A34,884,A61,A75,A101,4,A123,36,A141,A152,1,A173,2,A192,A201,1.0,0
185,A14,A34,1360,A61,A73,A101,2,A122,31,A143,A152,2,A173,1,A191,A201,0.0,0
186,A12,A31,5129,A61,A75,A101,4,A124,74,A141,A153,1,A174,2,A192,A201,1.0,1
187,A12,A34,1175,A61,A71,A101,3,A123,68,A143,A153,3,A171,1,A192,A201,0.0,0
188,A11,A32,674,A62,A74,A101,1,A122,20,A143,A152,1,A173,1,A191,A201,1.0,0
189,A12,A30,3244,A61,A73,A101,4,A123,33,A141,A152,2,A173,1,A192,A201,0.0,1
190,A14,A32,4591,A64,A73,A101,3,A122,54,A143,A152,3,A174,1,A192,A201,1.0,0
191,A12,A30,3844,A62,A74,A101,4,A124,34,A143,A153,1,A172,2,A191,A201,1.0,0
192,A12,A32,3915,A61,A73,A101,2,A123,36,A143,A152,1,A173,2,A192,A201,1.0,0
193,A14,A32,2108,A61,A74,A101,2,A121,29,A143,A151,1,A173,1,A191,A201,0.0,0
194,A12,A32,3031,A62,A73,A103,4,A122,21,A143,A151,1,A173,1,A191,A201,1.0,0
195,A12,A34,1501,A61,A75,A101,3,A123,34,A143,A152,2,A174,1,A192,A201,1.0,1
196,A14,A34,1382,A61,A73,A101,1,A123,28,A143,A152,2,A173,1,A192,A201,0.0,1
197,A12,A32,951,A62,A72,A101,4,A123,27,A141,A151,4,A173,1,A191,A201,1.0,1
198,A12,A32,2760,A65,A75,A101,4,A124,36,A141,A153,1,A173,1,A192,A201,0.0,0
199,A12,A33,4297,A61,A75,A101,3,A124,40,A143,A152,1,A174,1,A192,A201,1.0,0
200,A14,A34,936,A63,A75,A101,2,A123,52,A143,A152,2,A173,1,A192,A201,0.0,0
201,A11,A32,1168,A61,A73,A101,3,A121,27,A143,A152,1,A172,1,A191,A201,0.0,0
202,A14,A33,5117,A61,A74,A101,4,A123,26,A143,A152,2,A173,1,A191,A201,0.0,0
203,A11,A32,902,A61,A74,A101,4,A122,21,A143,A151,1,A173,1,A191,A201,1.0,0
204,A14,A34,1495,A61,A75,A101,1,A121,38,A143,A152,2,A172,2,A191,A201,0.0,0
205,A11,A34,10623,A61,A75,A101,4,A124,38,A143,A153,3,A174,2,A192,A201,0.0,0
206,A14,A34,1935,A61,A75,A101,4,A121,43,A143,A152,3,A173,1,A192,A201,0.0,0
207,A12,A34,1424,A61,A74,A101,3,A122,26,A143,A152,1,A173,1,A191,A201,0.0,0
208,A11,A32,6568,A61,A73,A101,2,A123,21,A142,A152,1,A172,1,A191,A201,0.0,0
209,A14,A32,1413,A64,A74,A101,2,A122,55,A143,A152,1,A173,1,A191,A202,0.0,0
210,A14,A34,3074,A65,A73,A101,2,A121,33,A143,A152,2,A173,2,A191,A201,0.0,0
211,A14,A32,3835,A65,A75,A101,4,A121,45,A143,A152,1,A172,1,A192,A201,0.0,1
212,A11,A30,5293,A61,A71,A101,4,A122,50,A142,A152,2,A173,1,A192,A201,1.0,0
213,A13,A33,1908,A61,A75,A101,4,A121,66,A143,A152,1,A174,1,A192,A201,1.0,0
214,A14,A34,3342,A65,A75,A101,2,A123,51,A143,A152,1,A173,1,A192,A201,0.0,0
215,A12,A34,932,A65,A74,A101,3,A122,39,A143,A152,2,A172,1,A191,A201,0.0,1
216,A11,A30,3104,A61,A74,A101,1,A122,31,A141,A152,1,A173,1,A192,A201,0.0,0
217,A13,A32,3913,A61,A73,A101,2,A121,23,A143,A152,1,A173,1,A192,A201,0.0,0
218,A11,A32,3021,A61,A73,A101,2,A121,24,A143,A151,1,A172,1,A191,A201,0.0,0
219,A14,A32,1364,A61,A73,A101,4,A123,64,A143,A152,1,A173,1,A192,A201,0.0,1
220,A12,A32,625,A61,A72,A103,1,A121,26,A141,A152,1,A172,1,A191,A201,0.0,0
221,A11,A32,1200,A65,A73,A101,4,A122,23,A141,A151,1,A173,1,A192,A201,0.0,1
222,A14,A32,707,A61,A73,A101,2,A121,30,A141,A152,2,A173,1,A191,A201,0.0,0
223,A14,A33,2978,A65,A73,A101,4,A121,32,A143,A152,2,A173,2,A192,A201,0.0,0
224,A14,A32,4657,A61,A73,A101,2,A123,30,A143,A152,1,A173,1,A192,A201,0.0,0
225,A14,A30,2613,A61,A73,A101,2,A123,27,A143,A152,2,A173,1,A191,A201,0.0,0
226,A12,A32,10961,A64,A74,A102,2,A124,27,A141,A152,2,A173,1,A192,A201,1.0,0
227,A11,A32,7865,A61,A75,A101,4,A124,53,A143,A153,1,A174,1,A192,A201,1.0,0
228,A14,A32,1478,A61,A74,A101,2,A123,22,A143,A152,1,A173,1,A191,A201,1.0,0
229,A11,A32,3149,A61,A72,A101,1,A124,22,A141,A153,1,A173,1,A191,A201,0.0,0
230,A13,A32,4210,A61,A73,A101,2,A123,26,A143,A152,1,A173,1,A191,A201,1.0,0
231,A14,A32,2507,A63,A75,A101,4,A124,51,A143,A153,1,A172,1,A191,A201,0.0,0
232,A14,A32,2141,A62,A74,A101,1,A124,35,A143,A152,1,A173,1,A191,A201,0.0,0
233,A12,A32,866,A61,A73,A103,2,A121,25,A143,A152,1,A172,1,A191,A201,0.0,0
234,A14,A34,1544,A61,A74,A101,1,A121,42,A143,A152,3,A172,2,A191,A201,0.0,0
235,A11,A32,1823,A61,A71,A101,2,A123,30,A142,A152,1,A174,2,A191,A201,1.0,0
236,A12,A32,14555,A65,A71,A101,2,A122,23,A143,A152,1,A171,1,A192,A201,1.0,0
237,A12,A32,2767,A62,A75,A101,2,A123,61,A141,A151,2,A172,1,A191,A201,1.0,0
238,A14,A34,1291,A61,A73,A101,2,A122,35,A143,A152,2,A173,1,A191,A201,0.0,1
239,A11,A32,2522,A61,A75,A103,3,A122,39,A143,A152,1,A173,2,A191,A201,0.0,0
240,A11,A32,915,A65,A75,A101,2,A123,29,A141,A152,1,A173,1,A191,A201,1.0,1
241,A14,A32,1595,A61,A74,A101,2,A122,51,A143,A152,1,A173,2,A191,A201,0.0,0
242,A11,A30,4605,A61,A75,A101,4,A124,24,A143,A153,2,A173,2,A191,A201,1.0,0
243,A14,A34,1185,A61,A73,A101,2,A121,27,A143,A152,2,A173,1,A191,A201,0.0,1
244,A14,A31,3447,A63,A73,A101,3,A121,35,A143,A152,1,A172,2,A191,A201,0.0,1
245,A14,A32,1258,A61,A74,A101,1,A121,25,A143,A152,1,A173,1,A192,A201,0.0,0
246,A14,A34,717,A61,A75,A101,4,A121,52,A143,A152,3,A173,1,A191,A201,0.0,0
247,A14,A30,1204,A62,A73,A101,1,A124,35,A141,A151,1,A173,1,A191,A202,0.0,0
248,A13,A32,1925,A61,A73,A101,2,A121,26,A143,A152,1,A173,1,A191,A201,0.0,0
249,A14,A32,433,A61,A71,A102,4,A121,22,A143,A151,1,A173,1,A191,A201,1.0,1
250,A11,A34,666,A64,A74,A101,4,A121,39,A143,A152,2,A172,1,A192,A201,0.0,1
251,A13,A32,2251,A61,A73,A101,2,A123,46,A143,A152,1,A172,1,A191,A201,0.0,1
252,A12,A32,2150,A61,A73,A103,2,A124,24,A141,A152,1,A173,1,A191,A201,1.0,1
253,A14,A33,4151,A62,A73,A101,3,A122,35,A143,A152,2,A173,1,A191,A201,0.0,0
254,A12,A32,2030,A65,A74,A101,1,A123,24,A143,A152,1,A173,1,A192,A201,0.0,0
255,A12,A33,7418,A65,A73,A101,1,A121,27,A143,A152,1,A172,1,A191,A201,0.0,0
256,A14,A34,2684,A61,A73,A101,2,A121,35,A143,A152,2,A172,1,A191,A201,0.0,0
257,A11,A31,2149,A61,A73,A101,1,A124,29,A143,A153,1,A173,1,A191,A201,1.0,0
258,A14,A32,3812,A62,A72,A101,4,A123,23,A143,A152,1,A173,1,A192,A201,0.0,1
259,A14,A34,1154,A62,A71,A101,4,A121,57,A143,A152,3,A172,1,A191,A201,0.0,1
260,A11,A32,1657,A61,A73,A101,2,A121,27,A143,A152,1,A173,1,A191,A201,0.0,0
261,A11,A32,1603,A61,A75,A101,4,A123,55,A143,A152,1,A173,1,A191,A201,0.0,1
262,A11,A34,5302,A61,A75,A101,4,A124,36,A143,A153,3,A174,1,A192,A201,0.0,0
263,A14,A34,2748,A61,A75,A101,4,A124,57,A141,A153,3,A172,1,A191,A201,0.0,1
264,A14,A34,1231,A61,A75,A101,4,A121,32,A143,A152,2,A172,2,A191,A202,0.0,0
265,A12,A32,802,A61,A75,A101,3,A123,37,A143,A152,1,A173,2,A191,A201,1.0,0
266,A14,A34,6304,A65,A75,A101,4,A121,36,A143,A152,2,A173,1,A191,A201,0.0,0
267,A14,A32,1533,A61,A72,A101,3,A123,38,A142,A152,1,A173,1,A192,A201,0.0,1
268,A11,A32,8978,A61,A75,A101,4,A122,45,A143,A152,1,A174,1,A192,A202,1.0,0
269,A14,A32,999,A65,A75,A101,2,A123,25,A143,A152,2,A173,1,A191,A201,0.0,0
270,A14,A32,2662,A65,A74,A101,3,A122,32,A143,A152,1,A173,1,A191,A202,0.0,0
271,A14,A34,1402,A63,A74,A101,4,A123,37,A143,A151,1,A173,1,A192,A201,0.0,1
272,A12,A31,12169,A65,A71,A102,4,A124,36,A143,A153,1,A174,1,A192,A201,0.0,0
273,A12,A32,3060,A61,A74,A101,4,A121,28,A143,A152,2,A173,1,A191,A201,1.0,0
274,A11,A32,11998,A61,A72,A101,1,A124,34,A143,A152,1,A172,1,A192,A201,1.0,0
275,A14,A32,2697,A61,A73,A101,2,A121,32,A143,A152,1,A173,2,A191,A201,0.0,0
276,A14,A34,2404,A61,A73,A101,2,A123,26,A143,A152,2,A173,1,A191,A201,0.0,1
277,A11,A32,1262,A65,A75,A101,4,A122,49,A143,A152,1,A172,1,A192,A201,0.0,0
278,A14,A32,4611,A61,A72,A101,4,A122,32,A143,A152,1,A173,1,A191,A201,1.0,1
279,A14,A32,1901,A62,A73,A101,4,A123,29,A143,A151,1,A174,1,A192,A201,0.0,0
280,A14,A34,3368,A64,A75,A101,4,A124,23,A143,A151,2,A173,1,A192,A201,0.0,0
281,A14,A32,1574,A61,A73,A101,2,A121,50,A143,A152,1,A173,1,A191,A201,0.0,0
282,A13,A31,1445,A65,A74,A101,4,A123,49,A141,A152,1,A172,1,A191,A201,0.0,0
283,A14,A34,1520,A65,A75,A101,4,A122,63,A143,A152,1,A173,1,A191,A201,0.0,0
284,A12,A34,3878,A62,A72,A101,2,A123,37,A143,A152,1,A173,1,A192,A201,0.0,0
285,A11,A32,10722,A61,A72,A101,1,A121,35,A143,A152,1,A172,1,A192,A201,0.0,1
286,A11,A32,4788,A61,A74,A101,3,A122,26,A143,A152,1,A173,2,A191,A201,0.0,0
287,A12,A33,7582,A62,A71,A101,4,A124,31,A143,A153,1,A174,1,A192,A201,0.0,0
288,A12,A32,1092,A61,A73,A103,4,A121,49,A143,A152,2,A173,1,A192,A201,0.0,1
289,A11,A33,1024,A61,A72,A101,4,A121,48,A142,A152,1,A173,1,A191,A201,1.0,0
290,A14,A32,1076,A61,A73,A101,2,A121,26,A143,A152,1,A173,1,A192,A202,0.0,0
291,A12,A32,9398,A61,A72,A101,4,A123,28,A143,A151,1,A174,1,A192,A201,1.0,0
292,A11,A34,6419,A61,A75,A101,4,A124,44,A143,A153,2,A174,2,A192,A201,0.0,1
293,A13,A34,4796,A61,A75,A101,4,A124,56,A143,A153,1,A173,1,A191,A201,0.0,0
294,A14,A34,7629,A65,A75,A101,2,A123,46,A141,A152,2,A174,2,A191,A201,0.0,0
295,A12,A32,9960,A61,A72,A101,2,A123,26,A143,A152,1,A173,1,A192,A201,1.0,1
296,A14,A32,4675,A65,A72,A101,4,A123,20,A143,A151,1,A173,1,A191,A201,0.0,1
297,A14,A32,1287,A65,A75,A102,2,A122,45,A143,A152,1,A172,1,A191,A202,0.0,0
298,A14,A32,2515,A61,A73,A101,4,A121,43,A143,A152,1,A173,1,A192,A201,0.0,0
299,A12,A34,2745,A64,A74,A101,2,A123,32,A143,A152,2,A173,1,A192,A201,0.0,0
300,A14,A32,672,A61,A71,A101,4,A121,54,A143,A152,1,A171,1,A192,A201,0.0,1
301,A12,A30,3804,A61,A73,A101,1,A123,42,A143,A152,1,A173,1,A192,A201,1.0,1
302,A13,A34,1344,A65,A74,A101,2,A121,37,A141,A152,2,A172,2,A191,A201,1.0,0
303,A11,A34,1038,A61,A74,A102,3,A122,49,A143,A152,2,A173,1,A192,A201,0.0,0
304,A14,A34,10127,A63,A73,A101,2,A124,44,A141,A153,1,A173,1,A191,A201,1.0,0
305,A14,A32,1543,A64,A73,A101,2,A121,33,A143,A152,1,A173,1,A191,A201,0.0,0
306,A14,A32,4811,A65,A74,A101,4,A122,24,A142,A151,1,A172,1,A191,A201,0.0,1
307,A11,A32,727,A62,A72,A101,3,A124,33,A143,A152,1,A172,1,A192,A201,1.0,0
308,A12,A32,1237,A61,A73,A101,4,A121,24,A143,A152,1,A173,1,A191,A201,1.0,1
309,A12,A32,276,A61,A73,A101,4,A121,22,A143,A151,1,A172,1,A191,A201,0.0,0
310,A12,A32,5381,A65,A71,A101,4,A124,40,A141,A153,1,A171,1,A192,A201,0.0,0
311,A14,A32,5511,A62,A73,A101,1,A123,25,A142,A152,1,A173,1,A191,A201,0.0,0
312,A13,A32,3749,A61,A72,A101,4,A123,26,A143,A152,1,A173,1,A191,A201,0.0,1
313,A12,A32,685,A61,A74,A101,3,A123,25,A141,A152,1,A172,1,A191,A201,1.0,0
314,A13,A32,1494,A65,A72,A101,2,A121,29,A143,A152,1,A172,2,A191,A202,0.0,0
315,A11,A31,2746,A61,A75,A101,4,A123,31,A141,A152,1,A173,1,A191,A201,1.0,0
316,A11,A32,708,A61,A73,A103,3,A122,38,A143,A152,1,A172,2,A191,A201,0.0,0
317,A12,A32,4351,A65,A73,A101,4,A122,48,A143,A152,1,A172,1,A192,A201,0.0,1
318,A14,A34,701,A61,A73,A101,2,A123,32,A143,A152,2,A173,1,A191,A201,0.0,0
319,A11,A33,3643,A61,A75,A101,4,A122,27,A143,A152,2,A172,1,A191,A201,0.0,1
320,A12,A34,4249,A61,A71,A101,2,A123,28,A143,A152,2,A174,1,A191,A201,1.0,0
321,A11,A32,1938,A61,A72,A101,3,A122,32,A143,A152,1,A173,1,A191,A201,1.0,0
322,A11,A32,2910,A61,A74,A101,1,A124,34,A143,A153,1,A174,1,A192,A201,0.0,0
323,A11,A32,2659,A64,A73,A101,2,A123,28,A143,A152,1,A173,1,A191,A201,0.0,0
324,A14,A34,1028,A61,A73,A101,3,A121,36,A143,A152,2,A173,1,A191,A201,0.0,1
325,A11,A34,3398,A61,A74,A101,4,A121,39,A143,A152,2,A172,1,A191,A202,0.0,0
326,A14,A34,5801,A65,A75,A101,4,A122,49,A143,A151,1,A173,1,A192,A201,0.0,0
327,A14,A32,1525,A64,A74,A101,3,A123,34,A143,A152,1,A173,2,A192,A201,0.0,1
328,A13,A32,4473,A61,A75,A101,2,A123,31,A143,A152,1,A173,1,A191,A201,0.0,0
329,A12,A32,1068,A61,A75,A101,4,A123,28,A143,A152,1,A173,2,A191,A201,0.0,0
330,A11,A34,6615,A61,A71,A101,4,A124,75,A143,A153,2,A174,1,A192,A201,0.0,0
331,A14,A34,1864,A62,A73,A101,2,A121,30,A143,A152,2,A173,1,A191,A201,1.0,1
332,A12,A32,7408,A62,A72,A101,2,A122,24,A143,A152,1,A174,1,A191,A201,1.0,1
333,A14,A34,11590,A62,A73,A101,4,A123,24,A141,A151,2,A172,1,A191,A201,1.0,1
334,A11,A30,4110,A61,A75,A101,4,A124,23,A141,A151,2,A173,2,A191,A201,1.0,0
335,A11,A34,3384,A61,A73,A101,4,A121,44,A143,A151,1,A174,1,A192,A201,1.0,0
336,A12,A32,2101,A61,A72,A103,4,A122,23,A143,A152,1,A172,1,A191,A201,0.0,1
337,A11,A32,1275,A65,A73,A101,2,A123,24,A143,A151,1,A173,1,A191,A201,1.0,1
338,A11,A32,4169,A61,A73,A101,4,A122,28,A143,A152,1,A173,1,A191,A201,0.0,0
339,A12,A32,1521,A61,A73,A101,2,A123,31,A143,A152,1,A172,1,A191,A201,0.0,0
340,A12,A34,5743,A61,A72,A101,4,A124,24,A143,A153,2,A173,1,A192,A201,0.0,1
341,A11,A32,3599,A61,A74,A101,4,A123,26,A143,A151,1,A172,1,A191,A201,0.0,1
342,A12,A32,3213,A63,A72,A101,3,A121,25,A143,A151,1,A173,1,A191,A201,0.0,0
343,A12,A32,4439,A61,A75,A102,1,A121,33,A141,A152,1,A174,1,A192,A201,0.0,0
344,A13,A32,3949,A61,A72,A103,1,A122,37,A143,A152,1,A172,2,A191,A201,0.0,0
345,A14,A34,1459,A61,A73,A101,2,A123,43,A143,A152,1,A172,1,A191,A201,0.0,1
346,A12,A34,882,A61,A72,A103,4,A121,23,A143,A152,2,A173,1,A191,A201,0.0,0
347,A12,A32,3758,A63,A71,A101,4,A124,23,A143,A151,1,A171,1,A191,A201,0.0,1
348,A14,A33,1743,A62,A73,A101,2,A121,34,A143,A152,2,A172,1,A191,A201,0.0,0
349,A12,A34,1136,A64,A75,A101,3,A124,32,A143,A153,2,A173,2,A191,A201,1.0,0
350,A14,A32,1236,A61,A72,A101,4,A121,23,A143,A151,1,A173,1,A192,A201,0.0,1
351,A12,A32,959,A61,A73,A101,2,A123,29,A143,A152,1,A173,1,A191,A202,1.0,1
352,A14,A34,3229,A65,A71,A101,4,A124,38,A143,A152,1,A174,1,A192,A201,0.0,0
353,A11,A30,6199,A61,A73,A101,2,A122,28,A143,A151,2,A173,1,A192,A201,1.0,0
354,A14,A32,727,A63,A75,A101,4,A124,46,A143,A153,1,A173,1,A192,A201,0.0,0
355,A12,A32,1246,A61,A72,A101,2,A121,23,A142,A152,1,A172,1,A191,A201,1.0,0
356,A14,A34,2331,A65,A75,A102,4,A121,49,A143,A152,1,A173,1,A192,A201,0.0,0
357,A14,A33,4463,A61,A73,A101,2,A123,26,A143,A152,2,A174,1,A192,A201,1.0,0
358,A14,A32,776,A61,A73,A101,2,A121,28,A143,A152,1,A173,1,A191,A201,0.0,0
359,A11,A32,2406,A61,A74,A101,4,A121,23,A143,A151,1,A173,1,A191,A201,1.0,1
360,A12,A32,1239,A65,A73,A101,4,A124,61,A143,A153,1,A173,1,A191,A201,0.0,0
361,A13,A32,3399,A65,A75,A101,3,A123,37,A143,A152,1,A174,1,A191,A201,0.0,0
362,A13,A33,2247,A61,A73,A101,2,A123,36,A142,A152,2,A173,1,A192,A201,0.0,1
363,A14,A32,1766,A61,A73,A101,2,A122,21,A143,A151,1,A173,1,A191,A201,0.0,0
364,A11,A32,2473,A61,A71,A101,1,A123,25,A143,A152,1,A171,1,A191,A201,1.0,0
365,A14,A32,1542,A61,A74,A101,4,A123,36,A143,A152,1,A173,1,A192,A201,0.0,0
366,A14,A34,3850,A61,A74,A101,1,A123,27,A143,A152,2,A173,1,A191,A201,0.0,0
367,A11,A32,3650,A61,A72,A101,4,A123,22,A143,A151,1,A173,1,A191,A201,0.0,1
368,A11,A32,3446,A61,A75,A101,2,A123,42,A143,A152,1,A173,2,A191,A201,1.0,0
369,A12,A32,3001,A61,A74,A101,4,A121,40,A143,A151,1,A173,1,A191,A201,0.0,1
370,A14,A32,3079,A65,A73,A101,4,A121,36,A143,A152,1,A173,1,A191,A201,0.0,0
371,A14,A34,6070,A61,A75,A101,4,A123,33,A143,A152,2,A173,1,A192,A201,0.0,0
372,A14,A34,2146,A61,A72,A101,3,A121,23,A143,A151,2,A173,1,A191,A201,0.0,1
373,A14,A34,13756,A65,A75,A101,4,A124,63,A141,A153,1,A174,1,A192,A201,0.0,0
374,A12,A31,14782,A62,A75,A101,4,A124,60,A141,A153,2,A174,1,A192,A201,1.0,1
375,A11,A31,7685,A61,A74,A103,4,A123,37,A143,A151,1,A173,1,A191,A201,1.0,1
376,A14,A33,2320,A61,A71,A101,3,A121,34,A143,A152,2,A173,1,A191,A201,0.0,0
377,A14,A33,846,A65,A75,A101,4,A124,36,A143,A153,1,A173,1,A191,A201,0.0,0
378,A12,A32,14318,A61,A75,A101,2,A124,57,A143,A153,1,A174,1,A192,A201,1.0,0
379,A14,A34,362,A62,A73,A101,4,A123,52,A143,A152,2,A172,1,A191,A201,0.0,1
380,A11,A32,2212,A65,A74,A101,4,A123,39,A143,A152,1,A173,1,A192,A201,0.0,0
381,A12,A32,12976,A61,A71,A101,4,A124,38,A143,A153,1,A174,1,A192,A201,1.0,1
382,A14,A32,1283,A65,A74,A101,4,A122,25,A143,A151,1,A173,1,A191,A201,0.0,1
383,A13,A32,1330,A61,A72,A101,1,A121,26,A143,A152,1,A173,1,A191,A201,0.0,0
384,A14,A33,4272,A62,A73,A101,2,A122,26,A143,A152,2,A172,1,A191,A201,0.0,0
385,A14,A34,2238,A61,A73,A101,1,A123,25,A143,A152,2,A173,1,A191,A201,0.0,1
386,A14,A32,1126,A65,A72,A101,2,A121,21,A143,A151,1,A173,1,A192,A201,0.0,1
387,A12,A34,7374,A61,A71,A101,4,A122,40,A142,A152,2,A174,1,A192,A201,0.0,0
388,A12,A34,2326,A63,A73,A101,4,A123,27,A141,A152,1,A173,1,A191,A201,0.0,0
389,A14,A32,1449,A61,A74,A101,2,A123,27,A143,A152,2,A173,1,A191,A201,0.0,1
390,A14,A32,1820,A61,A73,A101,2,A122,30,A143,A152,1,A174,1,A192,A201,0.0,0
391,A12,A32,983,A64,A72,A101,4,A121,19,A143,A151,1,A172,1,A191,A201,0.0,1
392,A11,A32,3249,A61,A74,A101,4,A124,39,A141,A153,1,A174,2,A192,A201,0.0,0
393,A11,A34,1957,A61,A74,A101,4,A123,31,A143,A152,1,A173,1,A191,A201,0.0,1
394,A14,A34,2406,A61,A71,A101,3,A123,31,A143,A152,1,A174,1,A191,A201,0.0,0
395,A12,A33,11760,A62,A74,A101,3,A124,32,A143,A151,1,A173,1,A192,A201,0.0,0
396,A11,A32,2578,A61,A71,A101,4,A124,55,A143,A153,1,A174,1,A191,A201,0.0,1
397,A11,A34,2348,A61,A73,A101,2,A122,46,A143,A152,2,A173,1,A192,A201,0.0,0
398,A12,A32,1223,A61,A75,A101,1,A121,46,A143,A151,2,A173,1,A191,A201,1.0,0
399,A14,A34,1516,A64,A73,A101,1,A121,43,A143,A152,2,A172,1,A191,A201,0.0,1
400,A14,A32,1473,A61,A72,A101,4,A121,39,A143,A152,1,A173,1,A192,A201,0.0,0
401,A12,A34,1887,A65,A73,A101,4,A121,28,A141,A152,2,A173,1,A191,A201,0.0,0
402,A14,A33,8648,A61,A72,A101,2,A123,27,A141,A152,2,A173,1,A192,A201,1.0,0
403,A14,A33,802,A61,A73,A101,2,A123,27,A143,A152,2,A172,1,A191,A201,0.0,0
404,A12,A33,2899,A65,A75,A101,4,A123,43,A143,A152,1,A173,2,A191,A201,0.0,0
405,A12,A32,2039,A61,A72,A101,1,A122,22,A143,A152,1,A173,1,A192,A201,1.0,0
406,A14,A34,2197,A65,A74,A101,4,A123,43,A143,A152,2,A173,2,A192,A201,0.0,0
407,A11,A32,1053,A61,A72,A101,2,A121,27,A143,A152,1,A173,1,A191,A202,0.0,0
408,A14,A32,3235,A63,A75,A101,2,A123,26,A143,A152,1,A174,1,A192,A201,0.0,0
409,A13,A34,939,A63,A74,A101,2,A121,28,A143,A152,3,A173,1,A192,A201,1.0,0
410,A12,A32,1967,A61,A75,A101,4,A123,20,A143,A152,1,A173,1,A192,A201,0.0,1
411,A14,A34,7253,A61,A74,A101,2,A123,35,A143,A152,2,A174,1,A192,A201,0.0,0
412,A14,A34,2292,A61,A71,A101,2,A123,42,A142,A152,2,A174,1,A192,A201,1.0,0
413,A14,A32,1597,A63,A73,A101,2,A124,40,A143,A151,1,A172,2,A191,A202,0.0,0
414,A11,A32,1381,A65,A73,A101,2,A122,35,A143,A152,1,A173,1,A191,A201,1.0,1
415,A14,A34,5842,A61,A75,A101,2,A122,35,A143,A152,2,A173,2,A192,A201,0.0,0
416,A11,A32,2579,A61,A72,A101,1,A121,33,A143,A152,1,A172,2,A191,A201,1.0,0
417,A11,A33,8471,A65,A73,A101,2,A123,23,A143,A151,2,A173,1,A192,A201,0.0,1
418,A14,A32,2782,A63,A74,A101,2,A123,31,A141,A152,1,A174,1,A191,A201,0.0,1
419,A12,A32,1042,A65,A73,A101,2,A122,33,A143,A152,1,A173,1,A191,A201,1.0,1
420,A14,A32,3186,A64,A74,A101,3,A123,20,A143,A151,1,A173,1,A191,A201,0.0,1
421,A12,A32,2028,A65,A73,A101,2,A123,30,A143,A152,1,A173,1,A191,A201,0.0,0
422,A12,A34,958,A61,A74,A101,3,A121,47,A143,A152,2,A172,2,A191,A201,0.0,0
423,A14,A33,1591,A62,A74,A101,3,A121,34,A143,A152,2,A174,1,A191,A201,0.0,0
424,A12,A32,2762,A65,A75,A101,2,A122,25,A141,A152,1,A173,1,A192,A201,1.0,1
425,A12,A32,2779,A61,A73,A101,3,A123,21,A143,A151,1,A173,1,A192,A201,0.0,0
426,A14,A34,2743,A61,A75,A101,2,A123,29,A143,A152,2,A173,1,A191,A201,0.0,0
427,A14,A34,1149,A64,A73,A101,3,A121,46,A143,A152,2,A173,1,A191,A201,0.0,0
428,A14,A32,1313,A61,A75,A101,4,A123,20,A143,A152,1,A173,1,A191,A201,0.0,0
429,A11,A34,1190,A61,A71,A101,4,A124,55,A143,A153,3,A171,2,A191,A201,1.0,1
430,A14,A32,3448,A61,A74,A101,4,A121,74,A143,A152,1,A172,1,A191,A201,0.0,0
431,A12,A32,11328,A61,A73,A102,3,A123,29,A141,A152,2,A174,1,A192,A201,1.0,0
432,A11,A34,1872,A61,A71,A101,4,A124,36,A143,A153,3,A174,1,A192,A201,0.0,0
433,A14,A34,2058,A61,A73,A101,2,A121,33,A143,A152,2,A173,1,A192,A201,0.0,0
434,A11,A32,2136,A61,A73,A101,2,A121,25,A143,A152,1,A173,1,A191,A201,0.0,0
435,A12,A32,1484,A65,A73,A101,1,A121,25,A143,A152,1,A173,1,A192,A201,1.0,0
436,A14,A32,660,A63,A74,A101,4,A121,23,A143,A151,1,A172,1,A191,A201,0.0,0
437,A14,A34,1287,A64,A75,A101,4,A121,37,A143,A152,2,A173,1,A192,A201,0.0,1
438,A11,A34,3394,A61,A71,A102,4,A123,65,A143,A152,2,A171,1,A191,A201,0.0,0
439,A13,A31,609,A61,A72,A101,1,A121,26,A143,A152,1,A171,1,A191,A201,1.0,1
440,A14,A32,1884,A61,A75,A101,4,A123,39,A143,A152,1,A174,1,A192,A201,0.0,0
441,A11,A32,1620,A61,A73,A102,3,A122,30,A143,A152,1,A173,1,A191,A201,0.0,1
442,A12,A33,2629,A61,A73,A101,3,A123,29,A141,A152,2,A173,1,A192,A201,0.0,0
443,A14,A32,719,A61,A75,A101,4,A123,41,A141,A152,1,A172,2,A191,A201,1.0,0
444,A12,A34,5096,A61,A73,A101,3,A123,30,A143,A152,1,A174,1,A192,A201,1.0,1
445,A14,A34,1244,A65,A75,A101,4,A122,41,A143,A151,2,A172,1,A191,A201,0.0,1
446,A11,A32,1842,A61,A72,A101,4,A123,34,A143,A152,1,A173,1,A192,A201,1.0,1
447,A12,A32,2576,A61,A73,A103,2,A121,35,A143,A152,1,A173,1,A191,A201,0.0,0
448,A13,A32,1424,A65,A75,A101,4,A121,55,A143,A152,1,A174,1,A192,A201,0.0,1
449,A12,A33,1512,A64,A73,A101,3,A122,61,A142,A152,2,A173,1,A191,A201,1.0,0
450,A14,A34,11054,A65,A73,A101,2,A123,30,A143,A152,1,A174,1,A192,A201,0.0,0
451,A14,A32,518,A61,A73,A101,1,A121,29,A143,A152,1,A173,1,A191,A201,0.0,1
452,A14,A30,2759,A61,A75,A101,4,A122,34,A143,A152,2,A173,1,A191,A201,0.0,0
453,A14,A32,2670,A61,A75,A101,4,A123,35,A143,A152,1,A174,1,A192,A201,0.0,0
454,A11,A32,4817,A61,A74,A102,3,A122,31,A143,A152,1,A173,1,A192,A201,1.0,0
455,A14,A32,2679,A61,A72,A101,1,A124,29,A143,A152,1,A174,1,A192,A201,0.0,1
456,A11,A34,3905,A61,A73,A101,2,A121,36,A143,A151,2,A173,2,A191,A201,0.0,0
457,A11,A32,3386,A61,A75,A101,4,A124,35,A143,A153,1,A173,1,A192,A201,1.0,0
458,A11,A32,343,A61,A72,A101,1,A121,27,A143,A152,1,A173,1,A191,A201,0.0,1
459,A14,A32,4594,A61,A72,A101,2,A123,32,A143,A152,1,A173,1,A192,A201,0.0,0
460,A11,A32,3620,A61,A73,A103,2,A122,37,A143,A152,1,A173,2,A191,A201,0.0,0
461,A11,A32,1721,A61,A72,A101,3,A121,36,A143,A152,1,A173,1,A191,A201,0.0,0
462,A12,A32,3017,A61,A72,A101,1,A121,34,A143,A151,1,A174,1,A191,A201,0.0,1
463,A12,A32,754,A65,A75,A101,4,A122,38,A143,A152,2,A173,1,A191,A201,0.0,0
464,A14,A32,1950,A61,A74,A101,1,A123,34,A142,A152,2,A173,1,A192,A201,0.0,0
465,A11,A32,2924,A61,A73,A103,4,A124,63,A141,A152,1,A173,2,A192,A201,0.0,0
466,A11,A33,1659,A61,A72,A101,2,A123,29,A143,A151,1,A172,1,A192,A201,1.0,1
467,A14,A33,7238,A65,A75,A101,3,A123,32,A141,A152,2,A173,2,A191,A201,0.0,0
468,A14,A33,2764,A61,A73,A101,2,A123,26,A143,A152,2,A173,1,A192,A201,0.0,1
469,A14,A33,4679,A61,A74,A101,3,A123,35,A143,A152,2,A172,1,A192,A201,0.0,0
470,A12,A32,3092,A62,A72,A101,2,A123,22,A143,A151,1,A173,1,A192,A201,1.0,0
471,A11,A32,448,A61,A72,A101,4,A122,23,A143,A152,1,A173,1,A191,A201,1.0,1
472,A11,A32,654,A61,A73,A101,3,A123,28,A143,A152,1,A172,1,A191,A201,1.0,0
473,A14,A32,1238,A65,A71,A101,4,A122,36,A143,A152,1,A174,2,A192,A201,0.0,0
474,A12,A34,1245,A61,A73,A101,2,A123,33,A143,A152,1,A173,1,A191,A201,1.0,0
475,A11,A30,3114,A61,A72,A101,4,A122,26,A143,A151,1,A173,1,A191,A201,1.0,1
476,A14,A32,2569,A63,A73,A101,4,A123,24,A143,A152,1,A173,1,A191,A201,0.0,0
477,A13,A32,5152,A61,A74,A101,2,A123,25,A141,A152,1,A173,1,A191,A201,0.0,0
478,A12,A32,1037,A62,A74,A101,4,A121,39,A143,A152,1,A172,1,A191,A201,0.0,0
479,A11,A34,1478,A61,A75,A101,4,A123,44,A143,A152,2,A173,2,A192,A201,0.0,0
480,A12,A34,3573,A61,A73,A101,1,A121,23,A143,A152,1,A172,1,A191,A201,0.0,1
481,A12,A32,1201,A61,A72,A101,1,A122,26,A143,A152,1,A173,1,A191,A201,0.0,0
482,A11,A32,3622,A64,A75,A101,4,A122,57,A143,A151,2,A173,1,A192,A201,0.0,1
483,A14,A33,960,A64,A74,A101,2,A122,30,A143,A152,2,A173,1,A191,A201,0.0,1
484,A14,A34,1163,A63,A73,A101,4,A121,44,A143,A152,1,A173,1,A192,A201,0.0,0
485,A12,A33,1209,A61,A71,A101,4,A122,47,A143,A152,1,A174,1,A192,A201,1.0,0
486,A14,A32,3077,A61,A73,A101,4,A123,52,A143,A152,1,A173,1,A192,A201,0.0,0
487,A14,A32,3757,A61,A75,A102,4,A124,62,A143,A153,1,A173,1,A192,A201,0.0,1
488,A14,A32,1418,A62,A73,A101,2,A121,35,A143,A151,1,A172,1,A191,A202,0.0,0
489,A14,A32,3518,A61,A73,A103,3,A122,26,A143,A151,1,A173,1,A191,A201,0.0,0
490,A14,A34,1934,A61,A75,A101,2,A124,26,A143,A152,2,A173,1,A191,A201,0.0,0
491,A12,A30,8318,A61,A75,A101,4,A124,42,A143,A153,2,A174,1,A192,A201,1.0,1
492,A14,A34,1237,A62,A73,A101,1,A122,27,A143,A152,2,A173,1,A191,A201,0.0,1
493,A12,A32,368,A65,A75,A101,4,A122,38,A143,A152,1,A173,1,A191,A201,0.0,0
494,A11,A34,2122,A61,A73,A101,2,A121,39,A143,A151,2,A172,2,A191,A202,0.0,0
495,A11,A32,2996,A65,A73,A101,4,A123,20,A143,A152,1,A173,1,A191,A201,1.0,0
496,A12,A32,9034,A62,A72,A102,1,A124,29,A143,A151,1,A174,1,A192,A201,1.0,0
497,A14,A34,1585,A61,A74,A101,3,A122,40,A143,A152,2,A173,1,A191,A201,0.0,0
498,A12,A32,1301,A61,A75,A103,2,A121,32,A143,A152,1,A172,1,A191,A201,0.0,0
499,A13,A34,1323,A62,A75,A101,4,A123,28,A143,A152,2,A173,2,A192,A201,0.0,0
500,A11,A32,3123,A61,A72,A101,1,A122,27,A143,A152,1,A173,1,A191,A201,1.0,1
501,A11,A32,5493,A61,A75,A101,4,A124,42,A143,A153,1,A173,2,A191,A201,0.0,0
502,A13,A32,1126,A62,A75,A101,4,A121,49,A143,A152,1,A173,1,A191,A201,0.0,0
503,A12,A34,1216,A62,A72,A101,4,A124,38,A141,A152,2,A173,2,A191,A201,1.0,0
504,A11,A32,1207,A61,A72,A101,4,A122,24,A143,A151,1,A173,1,A191,A201,1.0,1
505,A14,A32,1309,A65,A73,A103,4,A122,27,A143,A152,1,A172,1,A191,A201,1.0,0
506,A13,A34,2360,A63,A73,A101,2,A123,36,A143,A152,1,A173,1,A192,A201,0.0,0
507,A12,A31,6850,A62,A71,A101,2,A122,34,A143,A152,1,A174,2,A192,A201,1.0,0
508,A14,A32,1413,A61,A73,A101,2,A122,28,A143,A152,1,A173,1,A191,A201,0.0,0
509,A14,A32,8588,A62,A75,A101,2,A123,45,A143,A152,1,A174,1,A192,A201,0.0,0
510,A11,A32,759,A61,A74,A101,2,A121,26,A143,A152,1,A173,1,A191,A201,1.0,0
511,A14,A32,4686,A61,A73,A101,2,A124,32,A143,A153,1,A174,1,A192,A201,0.0,0
512,A13,A32,2687,A61,A74,A101,4,A122,26,A143,A151,1,A173,1,A192,A201,0.0,0
513,A12,A33,585,A61,A73,A102,4,A121,20,A143,A151,2,A173,1,A191,A201,0.0,0
514,A14,A32,2255,A65,A72,A101,1,A122,54,A143,A152,1,A173,1,A191,A201,0.0,0
515,A11,A34,609,A61,A74,A101,3,A122,37,A143,A152,2,A173,1,A191,A202,0.0,1
516,A11,A34,1361,A61,A72,A101,4,A121,40,A143,A152,1,A172,2,A191,A202,0.0,0
517,A14,A34,7127,A61,A72,A101,4,A122,23,A143,A151,2,A173,1,A192,A201,1.0,1
518,A11,A32,1203,A62,A75,A101,2,A122,43,A143,A152,1,A173,1,A192,A201,0.0,0
519,A14,A34,700,A65,A75,A101,4,A124,36,A143,A153,2,A173,1,A191,A201,0.0,0
520,A14,A34,5507,A61,A75,A101,4,A124,44,A143,A153,2,A173,1,A191,A201,0.0,0
521,A11,A32,3190,A61,A73,A101,2,A121,24,A143,A152,1,A173,1,A191,A201,1.0,1
522,A11,A30,7119,A61,A73,A101,4,A124,53,A143,A153,2,A173,2,A191,A201,1.0,0
523,A14,A32,3488,A62,A74,A101,4,A123,23,A143,A152,1,A173,1,A191,A201,0.0,1
524,A12,A32,1113,A61,A73,A103,4,A121,26,A143,A152,1,A172,2,A191,A201,0.0,1
525,A12,A32,7966,A61,A72,A101,3,A123,30,A143,A152,2,A173,1,A191,A201,0.0,0
526,A14,A34,1532,A62,A73,A101,3,A123,31,A143,A152,1,A173,1,A191,A201,0.0,1
527,A14,A34,1503,A61,A74,A101,1,A121,42,A143,A152,2,A172,2,A191,A201,0.0,0
528,A11,A32,2302,A61,A73,A101,4,A123,31,A143,A151,1,A173,1,A191,A201,1.0,0
529,A11,A32,662,A61,A72,A101,4,A121,41,A143,A152,1,A172,2,A192,A201,0.0,0
530,A12,A32,2273,A61,A74,A101,1,A123,32,A143,A152,2,A173,2,A191,A201,0.0,0
531,A12,A32,2631,A62,A73,A101,4,A123,28,A143,A151,2,A173,1,A192,A201,1.0,1
532,A14,A33,1503,A61,A73,A101,4,A121,41,A143,A151,1,A173,1,A191,A201,0.0,0
533,A14,A32,1311,A62,A74,A101,3,A122,26,A143,A152,1,A173,1,A192,A201,0.0,0
534,A14,A32,3105,A65,A72,A101,2,A123,25,A143,A152,2,A173,1,A191,A201,0.0,0
535,A13,A34,2319,A61,A72,A101,1,A123,33,A143,A151,1,A173,1,A191,A201,1.0,0
536,A11,A32,1374,A65,A71,A101,3,A122,75,A143,A152,1,A174,1,A192,A201,0.0,1
537,A12,A34,3612,A61,A75,A101,4,A122,37,A143,A152,1,A173,1,A192,A201,0.0,1
538,A11,A32,7763,A61,A75,A101,4,A124,42,A141,A153,1,A174,1,A191,A201,1.0,0
539,A13,A32,3049,A61,A72,A101,1,A122,45,A142,A152,1,A172,1,A191,A201,0.0,1
540,A12,A32,1534,A61,A72,A101,1,A121,23,A143,A151,1,A173,1,A191,A201,1.0,0
541,A14,A33,2032,A61,A75,A101,4,A124,60,A143,A153,2,A173,1,A192,A201,0.0,0
542,A11,A32,6350,A65,A75,A101,4,A122,31,A143,A152,1,A173,1,A191,A201,1.0,0
543,A13,A32,2864,A61,A73,A101,1,A121,34,A143,A152,1,A172,2,A191,A201,1.0,0
544,A14,A34,1255,A61,A75,A101,4,A121,61,A143,A152,2,A172,1,A191,A201,0.0,0
545,A11,A33,1333,A61,A71,A101,2,A121,43,A143,A153,2,A173,2,A191,A201,1.0,0
546,A14,A34,2022,A61,A73,A101,4,A123,37,A143,A152,1,A173,1,A192,A201,0.0,1
547,A14,A32,1552,A61,A74,A101,1,A123,32,A141,A152,1,A173,2,A191,A201,0.0,0
548,A11,A31,626,A61,A73,A101,4,A121,24,A141,A152,1,A172,1,A191,A201,1.0,1
549,A14,A34,8858,A65,A74,A101,1,A124,35,A143,A153,2,A173,1,A192,A201,0.0,0
550,A14,A34,996,A65,A74,A101,4,A121,23,A143,A152,2,A173,1,A191,A201,0.0,1
551,A14,A31,1750,A63,A75,A101,4,A122,45,A141,A152,1,A172,2,A191,A201,0.0,0
552,A11,A32,6999,A61,A74,A103,1,A121,34,A143,A152,2,A173,1,A192,A201,1.0,0
553,A12,A34,1995,A62,A72,A101,1,A123,27,A143,A152,1,A173,1,A191,A201,0.0,0
554,A12,A32,1199,A61,A74,A101,4,A122,67,A143,A152,2,A174,1,A192,A201,0.0,1
555,A12,A32,1331,A61,A72,A101,1,A123,22,A142,A152,1,A173,1,A191,A201,1.0,0
556,A12,A30,2278,A62,A72,A101,3,A123,28,A143,A152,2,A173,1,A191,A201,1.0,1
557,A14,A30,5003,A65,A73,A101,4,A122,29,A141,A152,2,A173,1,A192,A201,1.0,1
558,A11,A31,3552,A61,A74,A101,4,A123,27,A141,A152,1,A173,1,A191,A201,1.0,0
559,A12,A34,1928,A61,A72,A101,2,A121,31,A143,A152,2,A172,1,A191,A201,1.0,0
560,A11,A32,2964,A65,A75,A101,4,A124,49,A141,A153,1,A173,2,A192,A201,0.0,0
561,A11,A31,1546,A61,A74,A103,4,A123,24,A141,A151,1,A172,1,A191,A201,1.0,0
562,A13,A33,683,A61,A72,A101,1,A122,29,A141,A152,1,A173,1,A191,A201,0.0,1
563,A12,A32,12389,A65,A73,A101,4,A124,37,A143,A153,1,A173,1,A192,A201,1.0,0
564,A12,A33,4712,A65,A73,A101,2,A122,37,A141,A152,2,A174,1,A192,A201,0.0,0
565,A12,A33,1553,A62,A74,A101,2,A122,23,A143,A151,2,A173,1,A192,A201,0.0,1
566,A11,A32,1372,A61,A74,A101,3,A123,36,A143,A152,1,A173,1,A191,A201,1.0,0
567,A14,A34,2578,A64,A75,A101,2,A123,34,A143,A152,1,A173,1,A191,A201,0.0,0
568,A12,A32,3979,A65,A74,A101,1,A123,41,A143,A152,2,A173,2,A192,A201,0.0,0
569,A11,A32,6758,A61,A73,A101,2,A123,31,A143,A152,1,A173,1,A192,A201,1.0,1
570,A11,A32,3234,A61,A72,A101,4,A121,23,A143,A151,1,A172,1,A192,A201,1.0,1
571,A14,A34,5954,A61,A74,A102,2,A123,38,A143,A152,1,A173,1,A191,A201,0.0,0
572,A14,A32,5433,A65,A71,A101,4,A122,26,A143,A151,1,A174,1,A192,A201,0.0,1
573,A11,A32,806,A61,A73,A101,4,A122,22,A143,A152,1,A172,1,A191,A201,0.0,1
574,A12,A32,1082,A61,A75,A101,4,A123,27,A143,A152,2,A172,1,A191,A201,0.0,0
575,A14,A34,2788,A61,A74,A102,3,A123,24,A141,A152,2,A173,1,A191,A201,0.0,1
576,A12,A32,2930,A61,A74,A101,1,A121,27,A143,A152,1,A173,1,A191,A201,0.0,1
577,A14,A34,1927,A65,A73,A101,2,A123,33,A143,A152,2,A173,1,A192,A201,0.0,1
578,A12,A34,2820,A61,A72,A101,4,A123,27,A143,A152,2,A173,1,A191,A201,1.0,0
579,A14,A32,937,A61,A72,A101,3,A123,27,A143,A152,2,A172,1,A191,A201,0.0,0
580,A12,A34,1056,A61,A75,A103,3,A121,30,A141,A152,2,A173,1,A191,A201,1.0,0
581,A12,A34,3124,A61,A72,A101,3,A121,49,A141,A152,2,A172,2,A191,A201,0.0,0
582,A14,A32,1388,A61,A73,A101,2,A121,26,A143,A151,1,A173,1,A191,A201,0.0,1
583,A12,A32,2384,A61,A72,A101,1,A124,33,A143,A151,1,A172,1,A191,A201,1.0,0
584,A14,A32,2133,A65,A75,A101,4,A124,52,A143,A153,1,A174,1,A192,A201,0.0,1
585,A11,A32,2039,A61,A73,A101,4,A121,20,A141,A151,1,A173,1,A191,A201,1.0,1
586,A11,A34,2799,A61,A73,A101,2,A121,36,A143,A151,2,A173,2,A191,A201,0.0,0
587,A11,A32,1289,A61,A73,A103,1,A122,21,A143,A152,1,A172,1,A191,A201,0.0,0
588,A11,A32,1217,A61,A73,A101,3,A121,47,A143,A152,1,A172,1,A192,A201,1.0,0
589,A11,A34,2246,A61,A75,A101,3,A122,60,A143,A152,2,A173,1,A191,A201,1.0,0
590,A11,A34,385,A61,A74,A101,3,A121,58,A143,A152,4,A172,1,A192,A201,0.0,1
591,A12,A33,1965,A65,A73,A101,4,A123,42,A143,A151,2,A173,1,A192,A201,0.0,1
592,A14,A32,1572,A64,A75,A101,4,A121,36,A141,A152,1,A172,1,A191,A201,0.0,1
593,A12,A32,2718,A61,A73,A101,4,A122,20,A143,A151,1,A172,1,A192,A201,1.0,1
594,A11,A31,1358,A65,A75,A101,3,A123,40,A142,A152,1,A174,1,A192,A201,1.0,0
595,A12,A31,931,A62,A72,A101,1,A122,32,A142,A152,1,A172,1,A191,A201,1.0,1
596,A11,A32,1442,A61,A74,A101,4,A123,23,A143,A151,2,A173,1,A191,A201,1.0,1
597,A12,A30,4241,A61,A73,A101,4,A121,36,A143,A152,3,A172,1,A192,A201,1.0,0
598,A14,A34,2775,A61,A74,A101,2,A122,31,A141,A152,2,A173,1,A191,A201,1.0,0
599,A14,A33,3863,A61,A73,A101,2,A124,32,A143,A153,1,A173,1,A191,A201,0.0,0
600,A12,A32,2329,A61,A72,A103,1,A121,45,A143,A152,1,A173,1,A191,A201,0.0,1
601,A12,A32,918,A61,A73,A101,1,A122,30,A143,A152,1,A173,1,A191,A201,1.0,1
602,A12,A31,1837,A61,A74,A101,4,A124,34,A141,A153,1,A172,1,A191,A201,1.0,1
603,A14,A32,3349,A61,A73,A101,2,A123,28,A143,A152,1,A174,1,A192,A201,1.0,1
604,A13,A32,1275,A61,A72,A101,2,A122,23,A143,A152,1,A173,1,A191,A201,0.0,1
605,A11,A31,2828,A63,A73,A101,4,A121,22,A142,A152,1,A173,1,A192,A201,0.0,0
606,A14,A34,4526,A61,A73,A101,2,A121,74,A143,A152,1,A174,1,A192,A201,0.0,0
607,A12,A32,2671,A62,A73,A102,4,A124,50,A143,A153,1,A173,1,A191,A201,1.0,1
608,A14,A32,2051,A61,A72,A101,1,A121,33,A143,A152,1,A173,1,A191,A201,0.0,0
609,A14,A32,1300,A65,A75,A101,4,A124,45,A141,A153,1,A173,2,A191,A201,0.0,0
610,A11,A32,741,A62,A71,A101,3,A122,22,A143,A152,1,A173,1,A191,A201,1.0,1
611,A13,A32,1240,A62,A75,A101,4,A124,48,A143,A153,1,A172,2,A191,A201,1.0,1
612,A11,A32,3357,A64,A72,A101,2,A123,29,A141,A152,1,A173,1,A191,A201,0.0,1
613,A11,A31,3632,A61,A73,A103,4,A123,22,A141,A151,1,A173,1,A191,A202,0.0,1
614,A14,A33,1808,A61,A74,A101,1,A121,22,A143,A152,1,A173,1,A191,A201,1.0,1
615,A12,A30,12204,A65,A73,A101,2,A123,48,A141,A152,1,A174,1,A192,A201,0.0,0
616,A12,A33,9157,A65,A73,A101,2,A124,27,A143,A153,1,A174,1,A191,A201,0.0,0
617,A11,A34,3676,A61,A73,A101,3,A121,37,A143,A151,3,A173,2,A191,A201,0.0,0
618,A12,A32,3441,A62,A73,A102,4,A123,21,A143,A151,1,A173,1,A191,A201,1.0,1
619,A14,A32,640,A61,A73,A101,2,A121,49,A143,A152,1,A172,1,A191,A201,0.0,0
620,A12,A34,3652,A61,A74,A101,3,A122,27,A143,A152,2,A173,1,A191,A201,0.0,0
621,A14,A34,1530,A61,A73,A101,2,A122,32,A141,A152,2,A173,1,A191,A201,1.0,0
622,A14,A32,3914,A65,A73,A101,2,A121,38,A141,A152,1,A173,1,A191,A201,1.0,0
623,A11,A32,1858,A61,A72,A101,1,A123,22,A143,A151,1,A173,1,A191,A201,0.0,1
624,A11,A32,2600,A61,A73,A101,4,A124,65,A143,A153,2,A173,1,A191,A201,1.0,0
625,A14,A32,1979,A65,A75,A101,2,A123,35,A143,A152,1,A173,1,A191,A201,0.0,0
626,A13,A32,2116,A61,A73,A101,2,A121,41,A143,A152,1,A173,1,A192,A201,0.0,0
627,A12,A31,1437,A62,A74,A101,3,A124,29,A143,A152,1,A173,1,A191,A201,1.0,0
628,A14,A34,4042,A63,A73,A101,4,A121,36,A143,A152,2,A173,1,A192,A201,0.0,0
629,A14,A32,3832,A65,A75,A101,4,A121,64,A143,A152,1,A172,1,A191,A201,0.0,0
630,A11,A32,3660,A61,A73,A101,4,A123,28,A143,A152,1,A173,1,A191,A201,0.0,1
631,A11,A31,1553,A61,A73,A101,3,A123,44,A141,A152,1,A173,1,A191,A201,1.0,0
632,A12,A32,1444,A65,A72,A101,1,A122,23,A143,A152,1,A173,1,A191,A201,0.0,0
633,A14,A32,1980,A61,A72,A102,2,A123,19,A143,A151,2,A173,1,A191,A201,1.0,1
634,A12,A32,1355,A61,A72,A101,4,A123,25,A143,A152,1,A172,1,A192,A201,1.0,1
635,A14,A32,1393,A61,A75,A101,4,A122,47,A141,A152,3,A173,2,A192,A201,0.0,0
636,A14,A32,1376,A63,A74,A101,1,A123,28,A143,A152,1,A173,1,A191,A201,0.0,1
637,A14,A33,15653,A61,A74,A101,4,A123,21,A143,A152,2,A173,1,A192,A201,0.0,0
638,A14,A32,1493,A61,A72,A101,3,A123,34,A143,A152,1,A173,2,A191,A201,0.0,1
639,A11,A33,4370,A61,A74,A101,2,A122,26,A141,A152,2,A173,2,A192,A201,1.0,0
640,A11,A32,750,A61,A71,A101,1,A121,27,A143,A152,1,A171,1,A191,A201,1.0,1
641,A12,A32,1308,A61,A75,A101,4,A123,38,A143,A152,2,A172,1,A191,A201,0.0,0
642,A14,A32,4623,A62,A73,A101,2,A122,40,A143,A152,1,A174,1,A192,A201,1.0,0
643,A14,A34,1851,A61,A74,A103,2,A123,33,A143,A152,2,A173,1,A192,A201,0.0,0
644,A11,A34,1880,A61,A74,A101,1,A122,32,A143,A152,2,A174,1,A192,A201,0.0,0
645,A14,A33,7980,A65,A72,A101,4,A123,27,A143,A151,2,A173,1,A192,A201,1.0,0
646,A11,A30,4583,A61,A73,A103,2,A121,32,A143,A152,2,A173,1,A191,A201,0.0,0
647,A14,A32,1386,A63,A73,A101,2,A122,26,A143,A152,1,A173,1,A191,A201,1.0,1
648,A13,A32,947,A61,A74,A101,3,A124,38,A141,A153,1,A173,2,A191,A201,1.0,0
649,A11,A32,684,A61,A73,A101,4,A123,40,A143,A151,1,A172,2,A191,A201,1.0,0
650,A11,A32,7476,A61,A74,A101,1,A124,50,A143,A153,1,A174,1,A192,A201,0.0,0
651,A12,A32,1922,A61,A73,A101,2,A122,37,A143,A152,1,A172,1,A191,A201,1.0,0
652,A11,A32,2303,A61,A75,A102,1,A121,45,A143,A152,1,A173,1,A191,A201,1.0,0
653,A12,A33,8086,A62,A75,A101,4,A123,42,A143,A152,4,A174,1,A192,A201,1.0,0
654,A14,A34,2346,A61,A74,A101,3,A123,35,A143,A152,2,A173,1,A192,A201,0.0,0
655,A11,A32,3973,A61,A71,A101,4,A124,22,A143,A153,1,A173,1,A191,A201,0.0,0
656,A12,A32,888,A61,A75,A101,4,A123,41,A141,A152,1,A172,2,A191,A201,1.0,0
657,A14,A32,10222,A65,A74,A101,3,A123,37,A142,A152,1,A173,1,A192,A201,0.0,0
658,A12,A30,4221,A61,A73,A101,1,A123,28,A143,A152,2,A173,1,A191,A201,0.0,1
659,A12,A34,6361,A61,A75,A101,1,A124,41,A143,A152,1,A173,1,A192,A201,0.0,0
660,A13,A32,1297,A61,A73,A101,4,A121,23,A143,A151,1,A173,1,A191,A201,0.0,0
661,A11,A32,900,A65,A73,A101,2,A123,23,A143,A152,1,A173,1,A191,A201,1.0,0
662,A14,A32,2241,A61,A75,A101,2,A121,50,A143,A152,2,A173,1,A191,A201,0.0,0
663,A12,A33,1050,A61,A71,A101,1,A122,35,A142,A152,2,A174,1,A192,A201,0.0,0
664,A13,A34,1047,A61,A73,A101,4,A122,50,A143,A152,1,A172,1,A191,A201,0.0,1
665,A14,A34,6314,A61,A71,A102,2,A124,27,A141,A152,2,A174,1,A192,A201,0.0,0
666,A12,A31,3496,A64,A73,A101,2,A123,34,A142,A152,1,A173,2,A192,A201,0.0,0
667,A14,A31,3609,A61,A73,A101,1,A121,27,A142,A152,1,A173,1,A191,A201,0.0,1
668,A11,A34,4843,A61,A75,A102,4,A122,43,A143,A151,2,A173,1,A192,A201,1.0,0
669,A13,A34,3017,A61,A75,A101,4,A122,47,A143,A152,1,A173,1,A191,A201,0.0,0
670,A14,A34,4139,A62,A73,A101,3,A122,27,A143,A152,2,A172,1,A192,A201,0.0,0
671,A14,A32,5742,A62,A74,A101,2,A123,31,A143,A152,2,A173,1,A192,A201,0.0,0
672,A14,A32,10366,A61,A75,A101,4,A122,42,A143,A152,1,A174,1,A192,A201,0.0,0
673,A14,A34,2080,A63,A73,A101,2,A123,24,A143,A152,1,A173,1,A191,A201,0.0,0
674,A14,A33,2580,A63,A72,A101,2,A121,41,A141,A152,1,A172,2,A191,A201,1.0,0
675,A14,A34,4530,A61,A74,A101,4,A123,26,A143,A151,1,A174,1,A192,A201,0.0,1
676,A14,A34,5150,A61,A75,A101,4,A123,33,A143,A152,1,A173,1,A192,A201,0.0,0
677,A12,A32,5595,A62,A73,A101,2,A123,24,A143,A152,1,A173,1,A191,A201,1.0,0
678,A11,A32,2384,A61,A75,A101,4,A121,64,A141,A151,1,A172,1,A191,A201,0.0,0
679,A14,A32,1453,A61,A72,A101,1,A121,26,A143,A152,1,A173,1,A191,A201,0.0,1
680,A14,A32,1538,A61,A72,A101,2,A124,56,A143,A152,1,A173,1,A191,A201,0.0,1
681,A14,A32,2279,A65,A73,A101,4,A124,37,A143,A153,1,A173,1,A192,A201,0.0,0
682,A14,A33,1478,A61,A73,A101,3,A121,33,A141,A152,2,A173,1,A191,A201,0.0,0
683,A14,A34,5103,A61,A72,A101,3,A124,47,A143,A153,3,A173,1,A192,A201,0.0,0
684,A12,A33,9857,A62,A74,A101,3,A122,31,A143,A152,2,A172,2,A192,A201,0.0,0
685,A14,A32,6527,A65,A73,A101,4,A124,34,A143,A153,1,A173,2,A192,A201,0.0,0
686,A13,A34,1347,A65,A74,A101,2,A122,27,A143,A152,2,A173,1,A192,A201,0.0,0
687,A12,A33,2862,A62,A75,A101,3,A124,30,A143,A153,1,A173,1,A191,A201,0.0,0
688,A14,A32,2753,A62,A75,A102,4,A123,35,A143,A152,1,A173,1,A192,A201,0.0,0
689,A11,A32,3651,A64,A73,A101,3,A122,31,A143,A152,1,A173,2,A191,A201,0.0,0
690,A11,A34,975,A61,A73,A101,3,A122,25,A143,A152,2,A173,1,A191,A201,0.0,0
691,A12,A32,2631,A62,A73,A101,2,A121,25,A143,A152,1,A172,1,A191,A201,0.0,1
692,A12,A32,2896,A62,A72,A101,1,A123,29,A143,A152,1,A173,1,A191,A201,0.0,0
693,A11,A34,4716,A65,A72,A101,3,A121,44,A143,A152,2,A172,2,A191,A201,0.0,0
694,A14,A32,2284,A61,A74,A101,2,A123,28,A143,A152,1,A173,1,A192,A201,0.0,0
695,A14,A32,1236,A63,A73,A101,4,A122,50,A143,A151,1,A173,1,A191,A201,0.0,0
696,A12,A32,1103,A61,A74,A103,3,A121,29,A143,A152,2,A173,1,A191,A202,0.0,0
697,A14,A34,926,A61,A71,A101,2,A122,38,A143,A152,1,A171,1,A191,A201,0.0,1
698,A14,A34,1800,A61,A73,A101,2,A123,24,A143,A152,2,A173,1,A191,A201,0.0,0
699,A13,A32,1905,A61,A75,A101,4,A123,40,A143,A151,1,A174,1,A192,A201,0.0,0
700,A14,A32,1123,A63,A73,A101,4,A123,29,A143,A151,1,A172,1,A191,A201,1.0,1
701,A11,A34,6331,A61,A75,A101,4,A124,46,A143,A153,2,A173,1,A192,A201,1.0,0
702,A13,A32,1377,A62,A75,A101,2,A124,47,A143,A153,1,A173,1,A192,A201,0.0,1
703,A12,A33,2503,A62,A75,A101,2,A122,41,A142,A152,2,A173,1,A191,A201,0.0,0
704,A12,A32,2528,A61,A72,A101,1,A122,32,A143,A152,1,A173,2,A192,A201,0.0,1
705,A14,A32,5324,A63,A75,A101,4,A124,35,A143,A153,1,A173,1,A191,A201,0.0,1
706,A12,A32,6560,A62,A74,A101,2,A122,24,A143,A152,1,A173,1,A191,A201,1.0,0
707,A12,A30,2969,A61,A72,A101,3,A122,25,A143,A151,2,A173,1,A191,A201,1.0,1
708,A12,A32,1206,A61,A75,A101,4,A121,25,A143,A152,1,A173,1,A191,A201,0.0,1
709,A12,A32,2118,A61,A73,A101,2,A121,37,A143,A152,1,A172,2,A191,A201,0.0,0
710,A14,A34,629,A63,A75,A101,3,A122,32,A141,A152,2,A174,1,A192,A201,0.0,0
711,A11,A31,1198,A61,A75,A101,4,A124,35,A143,A153,1,A173,1,A191,A201,1.0,1
712,A14,A32,2476,A65,A75,A101,4,A121,46,A143,A152,1,A174,1,A192,A201,0.0,0
713,A11,A34,1138,A61,A73,A101,4,A121,25,A143,A152,2,A172,1,A191,A201,0.0,0
714,A12,A32,14027,A61,A74,A101,2,A124,27,A143,A152,1,A174,1,A192,A201,1.0,0
715,A14,A34,7596,A65,A75,A101,4,A123,63,A143,A152,2,A173,1,A191,A201,0.0,0
716,A14,A34,3077,A65,A75,A101,2,A123,40,A143,A152,2,A173,2,A192,A201,0.0,0
717,A14,A32,1505,A61,A73,A101,2,A124,32,A143,A153,1,A174,1,A192,A201,0.0,0
718,A13,A34,3148,A65,A73,A101,2,A123,31,A143,A152,2,A173,1,A192,A201,0.0,0
719,A12,A30,6148,A62,A75,A101,4,A123,31,A141,A152,2,A173,1,A192,A201,0.0,0
720,A13,A30,1337,A61,A72,A101,2,A123,34,A143,A152,2,A174,1,A192,A201,1.0,0
721,A12,A31,433,A64,A72,A101,2,A122,24,A141,A151,1,A173,2,A191,A201,1.0,1
722,A11,A32,1228,A61,A73,A101,2,A121,24,A143,A152,1,A172,1,A191,A201,1.0,1
723,A12,A32,790,A63,A73,A101,3,A121,66,A143,A152,1,A172,1,A191,A201,0.0,1
724,A14,A32,2570,A61,A73,A101,3,A121,21,A143,A151,1,A173,1,A191,A201,1.0,1
725,A14,A34,250,A64,A73,A101,2,A121,41,A141,A152,2,A172,1,A191,A201,0.0,1
726,A14,A34,1316,A63,A73,A101,2,A122,47,A143,A152,2,A172,1,A191,A201,0.0,0
727,A11,A32,1882,A61,A73,A101,4,A123,25,A141,A151,2,A173,1,A191,A201,1.0,1
728,A12,A31,6416,A61,A75,A101,3,A124,59,A143,A151,1,A173,1,A191,A201,1.0,1
729,A13,A34,1275,A64,A73,A101,4,A121,36,A143,A152,2,A173,1,A192,A201,0.0,0
730,A12,A33,6403,A61,A72,A101,2,A123,33,A143,A152,1,A173,1,A191,A201,0.0,0
731,A11,A32,1987,A61,A73,A101,4,A121,21,A143,A151,1,A172,2,A191,A201,1.0,0
732,A12,A32,760,A61,A74,A103,2,A121,44,A143,A152,1,A172,1,A191,A201,0.0,1
733,A14,A32,2603,A64,A73,A101,4,A123,28,A143,A151,1,A173,1,A192,A201,0.0,1
734,A14,A34,3380,A61,A74,A101,1,A121,37,A143,A152,1,A173,2,A191,A201,0.0,1
735,A12,A31,3990,A65,A72,A101,2,A124,29,A141,A152,1,A171,1,A191,A201,0.0,1
736,A12,A32,11560,A61,A73,A101,4,A123,23,A143,A151,2,A174,1,A191,A201,1.0,1
737,A11,A32,4380,A62,A73,A101,4,A123,35,A143,A152,1,A172,2,A192,A201,0.0,0
738,A14,A34,6761,A61,A74,A101,3,A124,45,A143,A152,2,A174,2,A192,A201,0.0,0
739,A12,A30,4280,A62,A73,A101,4,A123,26,A143,A151,2,A172,1,A191,A201,1.0,1
740,A11,A31,2325,A62,A74,A101,3,A123,32,A141,A152,1,A173,1,A191,A201,0.0,0
741,A12,A31,1048,A61,A73,A101,4,A121,23,A142,A152,1,A172,1,A191,A201,0.0,0
742,A14,A32,3160,A65,A75,A101,3,A122,41,A143,A152,1,A173,1,A192,A201,0.0,0
743,A11,A31,2483,A63,A73,A101,4,A121,22,A142,A152,1,A173,1,A192,A201,0.0,0
744,A11,A34,14179,A65,A74,A101,4,A122,30,A143,A152,2,A174,1,A192,A201,0.0,0
745,A11,A34,1797,A61,A72,A101,1,A122,28,A141,A152,2,A172,1,A191,A201,0.0,0
746,A11,A32,2511,A61,A71,A101,4,A123,23,A143,A151,1,A173,1,A191,A201,0.0,1
747,A11,A32,1274,A61,A72,A101,1,A121,37,A143,A152,1,A172,1,A191,A201,1.0,1
748,A14,A32,5248,A65,A73,A101,3,A123,26,A143,A152,1,A173,1,A191,A201,0.0,0
749,A14,A32,3029,A61,A74,A101,2,A123,33,A143,A152,1,A173,1,A191,A201,0.0,0
750,A11,A32,428,A61,A75,A101,1,A122,49,A141,A152,1,A173,1,A192,A201,0.0,1
751,A11,A32,976,A61,A72,A101,2,A123,23,A143,A152,1,A172,1,A191,A201,1.0,1
752,A12,A32,841,A62,A74,A101,4,A121,23,A143,A151,1,A172,1,A191,A201,0.0,1
753,A14,A34,5771,A61,A74,A101,2,A123,25,A143,A152,2,A173,1,A191,A201,0.0,1
754,A14,A33,1555,A64,A75,A101,4,A124,55,A143,A153,2,A173,2,A191,A201,1.0,0
755,A11,A32,1285,A65,A74,A101,4,A124,32,A143,A151,1,A173,1,A191,A201,1.0,1
756,A13,A34,1299,A61,A73,A101,1,A121,74,A143,A152,3,A171,2,A191,A202,0.0,0
757,A13,A34,1271,A65,A73,A101,4,A124,39,A143,A153,2,A173,1,A192,A201,1.0,0
758,A14,A32,1393,A61,A73,A103,2,A121,31,A143,A152,1,A173,1,A192,A201,0.0,0
759,A11,A34,691,A61,A75,A101,3,A122,35,A143,A152,2,A173,1,A191,A201,1.0,0
760,A14,A34,5045,A65,A75,A101,4,A123,59,A143,A152,1,A173,1,A192,A201,0.0,1
761,A11,A34,2124,A61,A73,A101,4,A121,24,A143,A151,2,A173,1,A191,A201,1.0,1
762,A11,A32,2214,A61,A73,A101,3,A122,24,A143,A152,1,A172,1,A191,A201,0.0,0
763,A14,A34,12680,A65,A75,A101,4,A124,30,A143,A153,1,A174,1,A192,A201,1.0,0
764,A14,A34,2463,A62,A74,A101,3,A122,27,A143,A152,2,A173,1,A192,A201,0.0,0
765,A12,A32,1155,A61,A75,A103,3,A121,40,A141,A152,2,A172,1,A191,A201,0.0,0
766,A11,A32,3108,A61,A72,A101,4,A122,31,A143,A152,1,A172,1,A191,A201,1.0,0
767,A14,A32,2901,A65,A72,A101,4,A121,31,A143,A151,1,A173,1,A191,A201,0.0,1
768,A12,A34,3617,A61,A75,A101,4,A123,28,A143,A151,3,A173,1,A192,A201,0.0,0
769,A14,A34,1655,A61,A75,A101,4,A121,63,A143,A152,2,A172,1,A192,A201,0.0,0
770,A11,A32,2812,A65,A75,A101,4,A121,26,A143,A151,1,A173,1,A191,A201,0.0,1
771,A11,A34,8065,A61,A73,A101,2,A124,25,A143,A152,2,A174,1,A192,A201,1.0,1
772,A14,A34,3275,A61,A75,A101,4,A123,36,A143,A152,1,A174,1,A192,A201,0.0,0
773,A14,A34,2223,A62,A75,A101,4,A122,52,A141,A152,2,A173,1,A191,A201,0.0,0
774,A13,A34,1480,A63,A71,A101,4,A124,66,A141,A153,3,A171,1,A191,A201,0.0,0
775,A11,A32,1371,A65,A73,A101,4,A121,25,A143,A151,1,A173,1,A191,A201,1.0,1
776,A14,A34,3535,A61,A74,A101,4,A123,37,A143,A152,2,A173,1,A192,A201,0.0,0
777,A11,A32,3509,A61,A74,A103,1,A121,25,A143,A152,1,A173,1,A191,A201,0.0,1
778,A14,A34,5711,A64,A75,A101,2,A123,38,A143,A152,2,A174,1,A192,A201,0.0,0
779,A12,A32,3872,A61,A71,A101,4,A123,67,A143,A152,1,A173,1,A192,A201,0.0,1
780,A12,A34,4933,A61,A74,A103,2,A121,25,A143,A152,2,A173,1,A191,A201,1.0,0
781,A14,A34,1940,A64,A75,A101,4,A121,60,A143,A152,1,A173,1,A192,A201,0.0,0
782,A12,A30,1410,A61,A73,A101,2,A121,31,A143,A152,1,A172,1,A192,A201,0.0,0
783,A12,A32,836,A62,A72,A101,2,A122,23,A141,A152,1,A172,1,A191,A201,1.0,1
784,A12,A32,6468,A65,A71,A101,4,A121,60,A143,A152,1,A174,1,A192,A201,0.0,0
785,A12,A32,1941,A64,A73,A101,2,A122,35,A143,A152,1,A172,1,A192,A201,0.0,0
786,A14,A32,2675,A63,A75,A101,4,A123,40,A143,A152,1,A173,1,A191,A201,0.0,0
787,A14,A34,2751,A65,A75,A101,3,A123,38,A143,A152,2,A173,2,A192,A201,0.0,0
788,A12,A33,6224,A61,A75,A101,4,A124,50,A143,A153,1,A173,1,A191,A201,1.0,0
789,A11,A34,5998,A61,A73,A101,3,A124,27,A141,A152,1,A173,1,A192,A201,1.0,0
790,A12,A32,1188,A61,A75,A101,4,A122,39,A143,A152,1,A173,2,A191,A201,1.0,1
791,A14,A32,6313,A65,A75,A101,4,A123,41,A143,A152,1,A174,2,A192,A201,0.0,0
792,A14,A34,1221,A65,A73,A101,2,A122,27,A143,A152,2,A173,1,A191,A201,0.0,0
793,A13,A32,2892,A61,A75,A101,4,A124,51,A143,A153,1,A173,1,A191,A201,0.0,0
794,A14,A32,3062,A63,A75,A101,3,A124,32,A143,A151,1,A173,1,A192,A201,0.0,0
795,A14,A32,2301,A62,A72,A101,4,A122,22,A143,A151,1,A173,1,A191,A201,0.0,1
796,A11,A32,7511,A65,A75,A101,4,A122,51,A143,A153,1,A173,2,A192,A201,1.0,0
797,A14,A34,1258,A61,A72,A101,4,A122,22,A143,A151,2,A172,1,A191,A201,0.0,1
798,A14,A33,717,A65,A75,A101,4,A123,54,A143,A152,2,A173,1,A192,A201,0.0,0
799,A12,A32,1549,A65,A72,A101,2,A121,35,A143,A152,1,A171,1,A191,A201,0.0,0
800,A14,A34,1597,A61,A75,A101,4,A124,54,A143,A153,2,A173,2,A191,A201,0.0,0
801,A12,A34,1795,A61,A75,A103,4,A121,48,A141,A151,2,A172,1,A192,A201,0.0,1
802,A11,A34,4272,A61,A75,A101,4,A122,24,A143,A152,2,A173,1,A191,A201,0.0,1
803,A14,A34,976,A65,A75,A101,4,A123,35,A143,A152,2,A173,1,A191,A201,0.0,0
804,A12,A32,7472,A65,A71,A101,2,A121,24,A143,A151,1,A171,1,A191,A201,0.0,1
805,A11,A32,9271,A61,A74,A101,1,A123,24,A143,A152,1,A173,1,A192,A201,1.0,0
806,A12,A32,590,A61,A72,A101,3,A121,26,A143,A152,1,A172,1,A191,A202,0.0,0
807,A14,A34,930,A65,A75,A101,4,A121,65,A143,A152,4,A173,1,A191,A201,0.0,0
808,A12,A31,9283,A61,A71,A101,2,A124,55,A141,A153,1,A174,1,A192,A201,0.0,0
809,A12,A30,1778,A61,A72,A101,1,A121,26,A143,A151,2,A171,1,A191,A201,1.0,1
810,A12,A32,907,A61,A72,A101,2,A121,26,A143,A152,1,A173,1,A192,A201,0.0,0
811,A12,A32,484,A61,A74,A103,3,A121,28,A141,A152,1,A172,1,A191,A201,0.0,0
812,A11,A34,9629,A61,A74,A101,4,A123,24,A143,A152,2,A173,1,A192,A201,1.0,0
813,A11,A32,3051,A61,A73,A101,4,A123,54,A143,A152,1,A173,1,A191,A201,1.0,0
814,A11,A32,3931,A61,A74,A101,4,A124,46,A143,A153,1,A173,2,A191,A201,1.0,0
815,A12,A33,7432,A61,A73,A101,2,A122,54,A143,A151,1,A173,1,A191,A201,0.0,1
816,A14,A32,1338,A63,A73,A101,4,A121,62,A143,A152,1,A173,1,A191,A201,0.0,0
817,A14,A34,1554,A61,A74,A101,2,A123,24,A143,A151,2,A173,1,A192,A201,0.0,1
818,A11,A32,15857,A61,A71,A102,3,A123,43,A143,A152,1,A174,1,A191,A201,0.0,0
819,A11,A32,1345,A61,A73,A101,3,A121,26,A141,A152,1,A173,1,A191,A201,1.0,0
820,A14,A32,1101,A61,A73,A101,2,A121,27,A143,A152,2,A173,1,A192,A201,0.0,0
821,A13,A32,3016,A61,A73,A101,1,A123,24,A143,A152,1,A173,1,A191,A201,0.0,0
822,A11,A32,2712,A61,A75,A101,2,A122,41,A141,A152,1,A173,2,A191,A201,1.0,0
823,A11,A34,731,A61,A75,A101,4,A121,47,A143,A152,2,A172,1,A191,A201,0.0,0
824,A14,A34,3780,A61,A72,A101,2,A123,35,A143,A152,2,A174,1,A192,A201,0.0,0
825,A11,A34,1602,A61,A75,A101,3,A123,30,A143,A152,2,A173,1,A192,A201,0.0,0
826,A11,A34,3966,A61,A75,A101,4,A121,33,A141,A151,3,A173,1,A192,A201,1.0,1
827,A14,A30,4165,A61,A73,A101,2,A123,36,A142,A152,2,A173,2,A191,A201,1.0,0
828,A11,A32,8335,A65,A75,A101,4,A124,47,A143,A153,1,A173,1,A191,A201,1.0,0
829,A12,A33,6681,A65,A73,A101,4,A124,38,A143,A153,1,A173,2,A192,A201,0.0,0
830,A14,A33,2375,A63,A73,A101,2,A123,44,A143,A152,2,A173,2,A192,A201,0.0,0
831,A11,A32,1216,A61,A72,A101,3,A123,23,A143,A151,1,A173,1,A192,A201,1.0,1
832,A11,A30,11816,A61,A75,A101,4,A123,29,A143,A151,2,A173,1,A191,A201,1.0,0
833,A12,A32,5084,A65,A75,A101,4,A123,42,A143,A152,1,A173,1,A192,A201,0.0,1
834,A13,A32,2327,A61,A72,A101,3,A121,25,A143,A152,1,A172,1,A191,A201,1.0,1
835,A11,A30,1082,A61,A73,A101,4,A123,48,A141,A152,2,A173,1,A191,A201,1.0,0
836,A14,A32,886,A65,A73,A101,2,A123,21,A143,A152,1,A173,1,A191,A201,0.0,1
837,A14,A32,601,A61,A72,A101,3,A121,23,A143,A151,1,A172,2,A191,A201,0.0,1
838,A11,A34,2957,A61,A75,A101,4,A122,63,A143,A152,2,A173,1,A192,A201,0.0,0
839,A14,A34,2611,A61,A75,A102,3,A121,46,A143,A152,2,A173,1,A191,A201,0.0,0
840,A11,A32,5179,A61,A74,A101,2,A122,29,A143,A152,1,A173,1,A191,A201,1.0,0
841,A14,A33,2993,A61,A73,A101,2,A121,28,A142,A152,2,A172,1,A191,A201,0.0,0
842,A14,A32,1943,A61,A72,A101,4,A121,23,A143,A152,1,A173,1,A191,A201,1.0,1
843,A14,A31,1559,A61,A74,A101,4,A123,50,A141,A152,1,A173,1,A192,A201,0.0,0
844,A14,A32,3422,A61,A75,A101,4,A122,47,A141,A152,3,A173,2,A192,A201,0.0,0
845,A12,A32,3976,A65,A74,A101,3,A123,35,A143,A152,1,A173,1,A192,A201,0.0,0
846,A14,A32,6761,A65,A73,A101,4,A123,68,A143,A151,2,A173,1,A191,A201,1.0,0
847,A14,A32,1249,A61,A72,A101,2,A121,28,A143,A152,1,A173,1,A191,A201,0.0,0
848,A11,A32,1364,A61,A74,A101,4,A121,59,A143,A152,1,A173,1,A191,A201,0.0,0
849,A11,A32,709,A61,A75,A101,4,A121,57,A142,A152,1,A172,1,A191,A201,1.0,0
850,A11,A34,2235,A61,A73,A103,2,A122,33,A141,A151,2,A173,1,A191,A202,1.0,0
851,A14,A34,4042,A65,A74,A101,4,A122,43,A143,A152,2,A173,1,A192,A201,0.0,0
852,A14,A34,1471,A61,A73,A101,4,A124,35,A143,A153,2,A173,1,A192,A201,0.0,0
853,A11,A31,1442,A61,A74,A101,4,A124,32,A143,A153,2,A172,2,A191,A201,1.0,0
854,A14,A33,10875,A61,A75,A101,2,A123,45,A143,A152,2,A173,2,A192,A201,0.0,0
855,A14,A32,1474,A62,A72,A101,3,A121,33,A143,A152,1,A173,1,A192,A201,0.0,0
856,A14,A32,894,A65,A74,A101,3,A122,40,A143,A152,1,A173,1,A192,A201,0.0,1
857,A14,A34,3343,A61,A73,A101,2,A124,28,A143,A153,1,A173,1,A192,A201,0.0,0
858,A11,A32,3959,A61,A73,A101,2,A122,29,A143,A152,1,A173,1,A192,A201,1.0,1
859,A14,A32,3577,A62,A73,A103,2,A121,26,A143,A151,1,A173,2,A191,A202,0.0,0
860,A14,A34,5804,A64,A73,A101,2,A121,27,A143,A152,2,A173,1,A191,A201,0.0,0
861,A14,A33,2169,A61,A73,A101,2,A123,28,A143,A152,1,A173,1,A192,A201,1.0,0
862,A11,A32,2439,A61,A72,A101,4,A121,35,A143,A152,1,A173,1,A192,A201,1.0,1
863,A14,A34,4526,A64,A72,A101,2,A121,32,A142,A152,2,A172,2,A192,A201,0.0,0
864,A14,A32,2210,A61,A73,A101,2,A121,25,A141,A151,1,A172,1,A191,A201,1.0,0
865,A14,A32,2221,A63,A73,A101,4,A123,20,A143,A151,1,A173,1,A191,A201,0.0,1
866,A11,A32,2389,A61,A72,A101,1,A123,27,A142,A152,1,A173,1,A191,A201,0.0,1
867,A14,A34,3331,A61,A75,A101,4,A122,42,A142,A152,1,A173,1,A191,A201,0.0,0
868,A14,A32,7409,A65,A75,A101,2,A122,37,A143,A152,2,A173,1,A191,A201,0.0,0
869,A11,A32,652,A61,A75,A101,4,A122,24,A143,A151,1,A173,1,A191,A201,0.0,1
870,A14,A33,7678,A63,A74,A101,4,A123,40,A143,A152,2,A173,1,A192,A201,0.0,1
871,A13,A34,1343,A61,A75,A101,4,A121,46,A143,A152,2,A173,2,A191,A202,0.0,0
872,A11,A34,1382,A62,A74,A101,1,A121,26,A143,A152,2,A173,1,A192,A201,0.0,0
873,A14,A32,874,A65,A72,A101,1,A121,24,A143,A152,1,A173,1,A191,A201,0.0,1
874,A11,A32,3590,A61,A73,A102,2,A122,29,A143,A152,1,A172,2,A191,A201,0.0,0
875,A12,A34,1322,A64,A73,A101,4,A123,40,A143,A152,2,A173,1,A191,A201,0.0,1
876,A11,A31,1940,A61,A72,A102,4,A124,36,A141,A153,1,A174,1,A192,A201,0.0,0
877,A14,A32,3595,A61,A75,A101,2,A123,28,A143,A152,1,A173,1,A191,A201,0.0,0
878,A11,A32,1422,A61,A72,A101,2,A124,27,A143,A153,1,A174,1,A192,A201,1.0,0
879,A14,A34,6742,A65,A74,A101,3,A122,36,A143,A152,2,A173,1,A191,A201,0.0,0
880,A14,A32,7814,A61,A74,A101,3,A123,38,A143,A152,1,A174,1,A192,A201,0.0,0
881,A14,A32,9277,A65,A73,A101,4,A124,48,A143,A153,1,A173,1,A192,A201,0.0,0
882,A12,A34,2181,A65,A75,A101,4,A121,36,A143,A152,2,A173,1,A191,A201,0.0,0
883,A14,A34,1098,A61,A71,A101,4,A123,65,A143,A152,2,A171,1,A191,A201,0.0,1
884,A12,A32,4057,A61,A74,A101,3,A123,43,A143,A152,1,A173,1,A192,A201,1.0,0
885,A11,A32,795,A61,A72,A101,4,A122,53,A143,A152,1,A173,1,A191,A201,1.0,1
886,A12,A34,2825,A65,A74,A101,3,A124,34,A143,A152,2,A173,2,A192,A201,0.0,0
887,A12,A32,15672,A61,A73,A101,2,A123,23,A143,A152,1,A173,1,A192,A201,1.0,0
888,A14,A34,6614,A61,A75,A101,4,A123,34,A143,A152,2,A174,1,A192,A201,0.0,0
889,A14,A31,7824,A65,A72,A103,4,A121,40,A141,A151,2,A173,2,A192,A201,0.0,0
890,A11,A34,2442,A61,A75,A101,4,A123,43,A142,A152,4,A174,2,A192,A201,0.0,0
891,A14,A34,1829,A61,A75,A101,4,A123,46,A143,A152,2,A173,1,A192,A201,0.0,0
892,A11,A34,2171,A61,A73,A101,4,A122,38,A141,A152,2,A172,1,A191,A202,0.0,0
893,A12,A34,5800,A61,A73,A101,4,A123,34,A143,A152,2,A173,1,A192,A201,0.0,0
894,A14,A34,1169,A65,A73,A101,3,A122,29,A143,A152,2,A173,1,A192,A201,0.0,0
895,A14,A33,8947,A65,A74,A101,2,A123,31,A142,A152,1,A174,2,A192,A201,0.0,0
896,A11,A32,2606,A61,A72,A101,4,A122,28,A143,A151,1,A174,1,A192,A201,0.0,1
897,A14,A34,1592,A64,A74,A101,2,A122,35,A143,A152,1,A173,1,A191,A202,0.0,1
898,A14,A32,2186,A65,A74,A101,4,A121,33,A141,A151,1,A172,1,A191,A201,0.0,1
899,A11,A32,4153,A61,A73,A102,3,A123,42,A143,A152,1,A173,1,A191,A201,1.0,0
900,A11,A34,2625,A61,A75,A103,4,A122,43,A141,A151,1,A173,1,A192,A201,1.0,0
901,A14,A34,3485,A65,A72,A101,4,A121,44,A143,A152,2,A173,1,A192,A201,0.0,0
902,A14,A34,10477,A65,A75,A101,4,A124,42,A143,A153,2,A173,1,A191,A201,0.0,0
903,A14,A32,1386,A65,A73,A101,2,A121,40,A143,A151,1,A173,1,A192,A201,0.0,0
904,A14,A32,1278,A61,A75,A101,1,A121,36,A143,A152,1,A174,1,A192,A201,0.0,0
905,A11,A32,1107,A61,A73,A101,2,A121,20,A143,A151,1,A174,2,A192,A201,0.0,0
906,A11,A32,3763,A65,A74,A102,2,A121,24,A143,A152,1,A172,1,A191,A202,0.0,0
907,A12,A32,3711,A65,A73,A101,2,A123,27,A143,A152,1,A173,1,A191,A201,0.0,0
908,A14,A33,3594,A61,A72,A101,2,A122,46,A143,A152,2,A172,1,A191,A201,0.0,1
909,A12,A32,3195,A65,A73,A101,2,A121,33,A143,A152,1,A172,1,A191,A201,0.0,1
910,A14,A33,4454,A61,A73,A101,4,A121,34,A143,A152,2,A173,1,A191,A201,0.0,1
911,A12,A34,4736,A61,A72,A101,4,A123,25,A141,A152,1,A172,1,A191,A201,1.0,1
912,A12,A32,2991,A65,A75,A101,4,A123,25,A143,A152,1,A173,1,A191,A201,0.0,1
913,A14,A32,2142,A64,A75,A101,2,A121,28,A143,A152,1,A173,1,A192,A201,0.0,0
914,A11,A31,3161,A61,A73,A101,2,A122,31,A143,A151,1,A173,1,A192,A201,1.0,0
915,A12,A30,18424,A61,A73,A101,2,A122,32,A141,A152,1,A174,1,A192,A202,1.0,1
916,A14,A32,2848,A62,A73,A102,2,A121,32,A143,A152,1,A173,2,A191,A201,0.0,0
917,A11,A32,14896,A61,A75,A101,4,A124,68,A141,A152,1,A174,1,A192,A201,1.0,0
918,A11,A32,2359,A62,A71,A101,1,A122,33,A143,A152,1,A173,1,A191,A201,1.0,0
919,A11,A32,3345,A61,A75,A101,2,A122,39,A143,A151,1,A174,1,A192,A201,1.0,0
920,A14,A34,1817,A61,A73,A101,2,A124,28,A143,A152,2,A173,1,A191,A201,0.0,1
921,A14,A33,12749,A63,A74,A101,1,A123,37,A143,A152,1,A174,1,A192,A201,0.0,0
922,A11,A32,1366,A61,A72,A101,4,A122,22,A143,A151,1,A173,1,A191,A201,1.0,1
923,A12,A32,2002,A61,A74,A101,4,A122,30,A143,A151,1,A173,2,A192,A201,0.0,0
924,A11,A31,6872,A61,A72,A101,1,A122,55,A141,A152,1,A173,1,A192,A201,1.0,0
925,A11,A31,697,A61,A72,A101,2,A123,46,A141,A152,2,A173,1,A192,A201,1.0,0
926,A11,A34,1049,A61,A72,A101,4,A122,21,A143,A151,1,A173,1,A191,A201,0.0,1
927,A11,A32,10297,A61,A74,A101,4,A124,39,A142,A153,3,A173,2,A192,A201,1.0,0
928,A14,A32,1867,A65,A75,A101,4,A123,58,A143,A152,1,A173,1,A192,A201,0.0,0
929,A11,A33,1344,A61,A73,A101,2,A121,43,A143,A152,2,A172,2,A191,A201,0.0,0
930,A11,A32,1747,A61,A72,A102,1,A122,24,A143,A152,1,A172,1,A191,A202,0.0,0
931,A12,A32,1670,A61,A72,A101,2,A123,22,A143,A152,1,A173,1,A192,A201,1.0,1
932,A14,A34,1224,A61,A73,A101,1,A121,30,A143,A152,2,A173,1,A191,A201,0.0,0
933,A14,A34,522,A63,A75,A101,4,A122,42,A143,A152,2,A173,2,A192,A201,0.0,0
934,A11,A32,1498,A61,A73,A101,1,A123,23,A141,A152,1,A173,1,A191,A201,0.0,1
935,A12,A33,1919,A62,A72,A101,3,A124,30,A142,A152,2,A174,1,A191,A201,1.0,0
936,A13,A32,745,A61,A73,A101,2,A121,28,A143,A152,1,A172,1,A191,A201,1.0,1
937,A12,A32,2063,A61,A72,A101,3,A123,30,A143,A151,1,A174,1,A192,A201,0.0,0
938,A12,A32,6288,A61,A73,A101,4,A124,42,A143,A153,1,A173,1,A191,A201,1.0,0
939,A14,A34,6842,A65,A73,A101,4,A122,46,A143,A152,2,A174,2,A192,A201,0.0,0
940,A14,A32,3527,A65,A72,A101,3,A122,45,A143,A152,1,A174,2,A192,A201,0.0,0
941,A14,A32,1546,A61,A73,A101,2,A121,31,A143,A152,1,A172,2,A191,A202,0.0,0
942,A14,A32,929,A65,A74,A101,2,A123,31,A142,A152,1,A173,1,A192,A201,0.0,0
943,A14,A34,1455,A61,A74,A101,1,A121,42,A143,A152,3,A172,2,A191,A201,0.0,0
944,A11,A32,1845,A61,A72,A103,1,A122,46,A143,A151,1,A173,1,A191,A201,0.0,1
945,A12,A30,8358,A63,A72,A101,1,A123,30,A143,A152,2,A173,1,A191,A201,0.0,1
946,A11,A31,3349,A63,A72,A101,4,A124,30,A143,A153,1,A173,2,A192,A201,1.0,0
947,A14,A32,2859,A65,A71,A101,4,A124,38,A143,A152,1,A174,1,A192,A201,0.0,0
948,A14,A32,1533,A61,A72,A102,1,A122,43,A143,A152,1,A172,2,A191,A201,1.0,0
949,A14,A32,3621,A62,A75,A101,4,A123,31,A143,A152,2,A173,1,A191,A201,1.0,0
950,A12,A34,3590,A61,A71,A101,3,A123,40,A143,A152,3,A171,2,A192,A201,0.0,0
951,A11,A33,2145,A61,A74,A101,1,A123,24,A143,A152,2,A173,1,A192,A201,1.0,0
952,A12,A32,4113,A63,A72,A101,4,A123,28,A143,A151,1,A173,1,A191,A201,1.0,1
953,A14,A32,10974,A61,A71,A101,2,A123,26,A143,A152,2,A174,1,A192,A201,1.0,1
954,A11,A32,1893,A61,A73,A103,4,A122,29,A143,A152,1,A173,1,A192,A201,0.0,1
955,A11,A34,1231,A64,A75,A101,4,A122,57,A143,A151,2,A174,1,A192,A201,0.0,1
956,A13,A34,3656,A65,A75,A101,4,A122,49,A142,A152,2,A172,1,A191,A201,0.0,0
957,A12,A34,1154,A61,A75,A101,4,A121,37,A143,A152,3,A172,1,A191,A201,0.0,0
958,A11,A32,4006,A61,A73,A101,2,A123,45,A143,A152,1,A172,1,A191,A201,1.0,0
959,A12,A32,3069,A62,A75,A101,4,A124,30,A143,A153,1,A173,1,A191,A201,0.0,0
960,A14,A34,1740,A61,A75,A101,2,A121,30,A143,A151,2,A173,1,A191,A201,0.0,0
961,A12,A33,2353,A61,A73,A101,4,A122,47,A143,A152,2,A173,1,A191,A201,0.0,0
962,A14,A32,3556,A65,A73,A101,2,A124,29,A143,A152,1,A173,1,A191,A201,0.0,0
963,A14,A32,2397,A63,A75,A101,2,A123,35,A141,A152,2,A173,1,A192,A201,1.0,0
964,A12,A32,454,A61,A72,A101,1,A122,22,A143,A152,1,A172,1,A191,A201,0.0,0
965,A12,A32,1715,A65,A73,A101,1,A123,26,A143,A152,1,A173,1,A191,A201,0.0,1
966,A12,A34,2520,A63,A73,A101,2,A122,23,A143,A152,2,A172,1,A191,A201,1.0,0
967,A14,A32,3568,A61,A75,A101,2,A123,54,A141,A151,1,A174,1,A192,A201,0.0,1
968,A14,A32,7166,A65,A74,A101,4,A122,29,A143,A151,1,A173,1,A192,A201,0.0,0
969,A11,A34,3939,A61,A73,A101,2,A121,40,A143,A152,2,A172,2,A191,A201,0.0,0
970,A12,A32,1514,A62,A73,A103,2,A121,22,A143,A152,1,A173,1,A191,A201,0.0,0
971,A14,A32,7393,A61,A73,A101,4,A122,43,A143,A152,1,A172,2,A191,A201,0.0,0
972,A11,A31,1193,A61,A71,A102,4,A124,29,A143,A151,2,A171,1,A191,A201,1.0,1
973,A11,A32,7297,A61,A75,A102,4,A124,36,A143,A151,1,A173,1,A191,A201,1.0,0
974,A14,A34,2831,A61,A73,A101,2,A123,33,A143,A152,1,A173,1,A192,A201,0.0,1
975,A13,A32,1258,A63,A73,A101,3,A123,57,A143,A152,1,A172,1,A191,A201,0.0,1
976,A12,A32,753,A61,A73,A103,3,A121,64,A143,A152,1,A173,1,A191,A201,0.0,1
977,A12,A33,2427,A65,A75,A101,2,A122,42,A143,A152,2,A173,1,A191,A201,0.0,0
978,A14,A33,2538,A61,A75,A101,4,A123,47,A143,A152,2,A172,2,A191,A201,1.0,0
979,A12,A31,1264,A62,A73,A101,2,A122,25,A143,A151,1,A173,1,A191,A201,1.0,0
980,A12,A34,8386,A61,A74,A101,2,A122,49,A143,A152,1,A173,1,A191,A201,1.0,0
981,A14,A32,4844,A61,A71,A101,2,A123,33,A141,A151,1,A174,1,A192,A201,1.0,0
982,A13,A32,2923,A62,A73,A101,1,A123,28,A141,A152,1,A174,1,A192,A201,0.0,1
983,A11,A32,8229,A61,A73,A101,2,A122,26,A143,A152,1,A173,2,A191,A201,1.0,0
984,A14,A34,2028,A61,A74,A101,2,A122,30,A143,A152,2,A172,1,A191,A201,0.0,0
985,A11,A34,1433,A61,A73,A101,3,A122,25,A143,A151,2,A173,1,A191,A201,0.0,1
986,A13,A30,6289,A61,A72,A101,1,A122,33,A143,A152,2,A173,1,A191,A201,0.0,0
987,A14,A32,1409,A62,A71,A101,4,A121,64,A143,A152,1,A173,1,A191,A201,0.0,1
988,A11,A32,6579,A61,A71,A101,2,A124,29,A143,A153,1,A174,1,A192,A201,0.0,0
989,A12,A34,1743,A61,A75,A101,2,A122,48,A143,A152,2,A172,1,A191,A201,0.0,0
990,A14,A34,3565,A65,A72,A101,1,A122,37,A143,A152,2,A172,2,A191,A201,0.0,0
991,A14,A31,1569,A62,A75,A101,4,A123,34,A141,A152,1,A172,2,A191,A201,0.0,0
992,A11,A32,1936,A65,A74,A101,4,A123,23,A143,A151,2,A172,1,A191,A201,0.0,0
993,A11,A32,3959,A61,A71,A101,3,A122,30,A143,A152,1,A174,1,A192,A201,0.0,0
994,A14,A32,2390,A65,A75,A101,3,A123,50,A143,A152,1,A173,1,A192,A201,0.0,0
995,A14,A32,1736,A61,A74,A101,4,A121,31,A143,A152,1,A172,1,A191,A201,0.0,1
996,A11,A32,3857,A61,A73,A101,4,A122,40,A143,A152,1,A174,1,A192,A201,0.0,0
997,A14,A32,804,A61,A75,A101,4,A123,38,A143,A152,1,A173,1,A191,A201,0.0,0
998,A11,A32,1845,A61,A73,A101,4,A124,23,A143,A153,1,A173,1,A192,A201,1.0,0
999,A12,A34,4576,A62,A71,A101,4,A123,27,A143,A152,1,A173,1,A191,A201,0.0,0
